--
-- PostgreSQL database dump
--

-- Dumped from database version 17.4
-- Dumped by pg_dump version 17.5

-- Started on 2025-10-20 15:12:03

SET statement_timeout = 0;
SET lock_timeout = 0;
SET idle_in_transaction_session_timeout = 0;
SET transaction_timeout = 0;
SET client_encoding = 'UTF8';
SET standard_conforming_strings = on;
SELECT pg_catalog.set_config('search_path', '', false);
SET check_function_bodies = false;
SET xmloption = content;
SET client_min_messages = warning;
SET row_security = off;

SET default_tablespace = '';

SET default_table_access_method = heap;

--
-- TOC entry 218 (class 1259 OID 212337)
-- Name: announcement; Type: TABLE; Schema: public; Owner: postgres
--

CREATE TABLE public.announcement (
    announcementid bigint NOT NULL,
    date_time timestamp(6) without time zone NOT NULL,
    message text NOT NULL,
    target_roles character varying(255)
);


ALTER TABLE public.announcement OWNER TO postgres;

--
-- TOC entry 217 (class 1259 OID 212336)
-- Name: announcement_announcementid_seq; Type: SEQUENCE; Schema: public; Owner: postgres
--

ALTER TABLE public.announcement ALTER COLUMN announcementid ADD GENERATED BY DEFAULT AS IDENTITY (
    SEQUENCE NAME public.announcement_announcementid_seq
    START WITH 1
    INCREMENT BY 1
    NO MINVALUE
    NO MAXVALUE
    CACHE 1
);


--
-- TOC entry 220 (class 1259 OID 212345)
-- Name: batch; Type: TABLE; Schema: public; Owner: postgres
--

CREATE TABLE public.batch (
    batchid bigint NOT NULL,
    batchcode character varying(255) NOT NULL,
    batchdate timestamp(6) without time zone,
    quantity integer NOT NULL,
    status character varying(255),
    inventoryid bigint NOT NULL,
    parent_batch_type_id bigint NOT NULL,
    prodid bigint NOT NULL,
    wmid bigint NOT NULL
);


ALTER TABLE public.batch OWNER TO postgres;

--
-- TOC entry 219 (class 1259 OID 212344)
-- Name: batch_batchid_seq; Type: SEQUENCE; Schema: public; Owner: postgres
--

ALTER TABLE public.batch ALTER COLUMN batchid ADD GENERATED BY DEFAULT AS IDENTITY (
    SEQUENCE NAME public.batch_batchid_seq
    START WITH 1
    INCREMENT BY 1
    NO MINVALUE
    NO MAXVALUE
    CACHE 1
);


--
-- TOC entry 221 (class 1259 OID 212352)
-- Name: batch_inventory; Type: TABLE; Schema: public; Owner: postgres
--

CREATE TABLE public.batch_inventory (
    batch_quantity integer,
    inventoryid bigint NOT NULL,
    parent_batch_type_id bigint NOT NULL
);


ALTER TABLE public.batch_inventory OWNER TO postgres;

--
-- TOC entry 222 (class 1259 OID 212357)
-- Name: batch_inventory_without_box; Type: TABLE; Schema: public; Owner: postgres
--

CREATE TABLE public.batch_inventory_without_box (
    batch_quantity integer NOT NULL,
    inventoryid bigint NOT NULL,
    parent_batch_type_id bigint NOT NULL
);


ALTER TABLE public.batch_inventory_without_box OWNER TO postgres;

--
-- TOC entry 223 (class 1259 OID 212362)
-- Name: batch_type; Type: TABLE; Schema: public; Owner: postgres
--

CREATE TABLE public.batch_type (
    id bigint NOT NULL,
    boxid bigint NOT NULL
);


ALTER TABLE public.batch_type OWNER TO postgres;

--
-- TOC entry 224 (class 1259 OID 212367)
-- Name: batch_type_without_box; Type: TABLE; Schema: public; Owner: postgres
--

CREATE TABLE public.batch_type_without_box (
    id bigint NOT NULL
);


ALTER TABLE public.batch_type_without_box OWNER TO postgres;

--
-- TOC entry 226 (class 1259 OID 212373)
-- Name: batch_without_box; Type: TABLE; Schema: public; Owner: postgres
--

CREATE TABLE public.batch_without_box (
    batchwithoutboxid bigint NOT NULL,
    batchcode character varying(255) NOT NULL,
    batchdate timestamp(6) without time zone,
    quantity integer NOT NULL,
    status character varying(255),
    parent_batch_type_id bigint NOT NULL,
    prodid bigint NOT NULL,
    wmid bigint NOT NULL
);


ALTER TABLE public.batch_without_box OWNER TO postgres;

--
-- TOC entry 225 (class 1259 OID 212372)
-- Name: batch_without_box_batchwithoutboxid_seq; Type: SEQUENCE; Schema: public; Owner: postgres
--

ALTER TABLE public.batch_without_box ALTER COLUMN batchwithoutboxid ADD GENERATED BY DEFAULT AS IDENTITY (
    SEQUENCE NAME public.batch_without_box_batchwithoutboxid_seq
    START WITH 1
    INCREMENT BY 1
    NO MINVALUE
    NO MAXVALUE
    CACHE 1
);


--
-- TOC entry 228 (class 1259 OID 212381)
-- Name: bill; Type: TABLE; Schema: public; Owner: postgres
--

CREATE TABLE public.bill (
    billid bigint NOT NULL,
    datetime timestamp(6) without time zone,
    total bigint,
    srepid bigint NOT NULL
);


ALTER TABLE public.bill OWNER TO postgres;

--
-- TOC entry 227 (class 1259 OID 212380)
-- Name: bill_billid_seq; Type: SEQUENCE; Schema: public; Owner: postgres
--

ALTER TABLE public.bill ALTER COLUMN billid ADD GENERATED BY DEFAULT AS IDENTITY (
    SEQUENCE NAME public.bill_billid_seq
    START WITH 1
    INCREMENT BY 1
    NO MINVALUE
    NO MAXVALUE
    CACHE 1
);


--
-- TOC entry 230 (class 1259 OID 212387)
-- Name: bill_item; Type: TABLE; Schema: public; Owner: postgres
--

CREATE TABLE public.bill_item (
    billitemid bigint NOT NULL,
    quantity bigint,
    total bigint,
    cbillid bigint NOT NULL,
    ptvid bigint
);


ALTER TABLE public.bill_item OWNER TO postgres;

--
-- TOC entry 229 (class 1259 OID 212386)
-- Name: bill_item_billitemid_seq; Type: SEQUENCE; Schema: public; Owner: postgres
--

ALTER TABLE public.bill_item ALTER COLUMN billitemid ADD GENERATED BY DEFAULT AS IDENTITY (
    SEQUENCE NAME public.bill_item_billitemid_seq
    START WITH 1
    INCREMENT BY 1
    NO MINVALUE
    NO MAXVALUE
    CACHE 1
);


--
-- TOC entry 231 (class 1259 OID 212392)
-- Name: bottle; Type: TABLE; Schema: public; Owner: postgres
--

CREATE TABLE public.bottle (
    quantity integer NOT NULL,
    inventoryid bigint NOT NULL,
    bottleid bigint NOT NULL
);


ALTER TABLE public.bottle OWNER TO postgres;

--
-- TOC entry 233 (class 1259 OID 212398)
-- Name: bottle_type; Type: TABLE; Schema: public; Owner: postgres
--

CREATE TABLE public.bottle_type (
    bottleid bigint NOT NULL,
    name character varying(255),
    volume character varying(255)
);


ALTER TABLE public.bottle_type OWNER TO postgres;

--
-- TOC entry 232 (class 1259 OID 212397)
-- Name: bottle_type_bottleid_seq; Type: SEQUENCE; Schema: public; Owner: postgres
--

ALTER TABLE public.bottle_type ALTER COLUMN bottleid ADD GENERATED BY DEFAULT AS IDENTITY (
    SEQUENCE NAME public.bottle_type_bottleid_seq
    START WITH 1
    INCREMENT BY 1
    NO MINVALUE
    NO MAXVALUE
    CACHE 1
);


--
-- TOC entry 234 (class 1259 OID 212405)
-- Name: box; Type: TABLE; Schema: public; Owner: postgres
--

CREATE TABLE public.box (
    quantity integer NOT NULL,
    inventoryid bigint NOT NULL,
    boxid bigint NOT NULL
);


ALTER TABLE public.box OWNER TO postgres;

--
-- TOC entry 236 (class 1259 OID 212411)
-- Name: box_type; Type: TABLE; Schema: public; Owner: postgres
--

CREATE TABLE public.box_type (
    boxid bigint NOT NULL,
    name character varying(255),
    quantity_in_box integer
);


ALTER TABLE public.box_type OWNER TO postgres;

--
-- TOC entry 235 (class 1259 OID 212410)
-- Name: box_type_boxid_seq; Type: SEQUENCE; Schema: public; Owner: postgres
--

ALTER TABLE public.box_type ALTER COLUMN boxid ADD GENERATED BY DEFAULT AS IDENTITY (
    SEQUENCE NAME public.box_type_boxid_seq
    START WITH 1
    INCREMENT BY 1
    NO MINVALUE
    NO MAXVALUE
    CACHE 1
);


--
-- TOC entry 237 (class 1259 OID 212416)
-- Name: chemical_usage; Type: TABLE; Schema: public; Owner: postgres
--

CREATE TABLE public.chemical_usage (
    quantity double precision,
    inventoryid bigint NOT NULL,
    prodid bigint NOT NULL
);


ALTER TABLE public.chemical_usage OWNER TO postgres;

--
-- TOC entry 239 (class 1259 OID 212422)
-- Name: customer; Type: TABLE; Schema: public; Owner: postgres
--

CREATE TABLE public.customer (
    customerid bigint NOT NULL,
    shop_name character varying(255),
    routeid bigint,
    srepid bigint,
    userid bigint
);


ALTER TABLE public.customer OWNER TO postgres;

--
-- TOC entry 241 (class 1259 OID 212428)
-- Name: customer_bill; Type: TABLE; Schema: public; Owner: postgres
--

CREATE TABLE public.customer_bill (
    cbillid bigint NOT NULL,
    address character varying(255),
    district character varying(255),
    phone character varying(255),
    shop_name character varying(255),
    billid bigint NOT NULL,
    deliveryid bigint NOT NULL
);


ALTER TABLE public.customer_bill OWNER TO postgres;

--
-- TOC entry 240 (class 1259 OID 212427)
-- Name: customer_bill_cbillid_seq; Type: SEQUENCE; Schema: public; Owner: postgres
--

ALTER TABLE public.customer_bill ALTER COLUMN cbillid ADD GENERATED BY DEFAULT AS IDENTITY (
    SEQUENCE NAME public.customer_bill_cbillid_seq
    START WITH 1
    INCREMENT BY 1
    NO MINVALUE
    NO MAXVALUE
    CACHE 1
);


--
-- TOC entry 238 (class 1259 OID 212421)
-- Name: customer_customerid_seq; Type: SEQUENCE; Schema: public; Owner: postgres
--

ALTER TABLE public.customer ALTER COLUMN customerid ADD GENERATED BY DEFAULT AS IDENTITY (
    SEQUENCE NAME public.customer_customerid_seq
    START WITH 1
    INCREMENT BY 1
    NO MINVALUE
    NO MAXVALUE
    CACHE 1
);


--
-- TOC entry 243 (class 1259 OID 212436)
-- Name: customer_order; Type: TABLE; Schema: public; Owner: postgres
--

CREATE TABLE public.customer_order (
    orderid bigint NOT NULL,
    delivered_date timestamp(6) without time zone,
    feedback character varying(255),
    ordered_date timestamp(6) without time zone,
    rate numeric(38,2),
    status character varying(255),
    total numeric(38,2),
    customerid bigint,
    ordercode character varying(255)
);


ALTER TABLE public.customer_order OWNER TO postgres;

--
-- TOC entry 245 (class 1259 OID 212444)
-- Name: customer_order_item; Type: TABLE; Schema: public; Owner: postgres
--

CREATE TABLE public.customer_order_item (
    orderitemid bigint NOT NULL,
    product_total numeric(38,2),
    quantity bigint,
    orderid bigint,
    ptvid bigint
);


ALTER TABLE public.customer_order_item OWNER TO postgres;

--
-- TOC entry 244 (class 1259 OID 212443)
-- Name: customer_order_item_orderitemid_seq; Type: SEQUENCE; Schema: public; Owner: postgres
--

ALTER TABLE public.customer_order_item ALTER COLUMN orderitemid ADD GENERATED BY DEFAULT AS IDENTITY (
    SEQUENCE NAME public.customer_order_item_orderitemid_seq
    START WITH 1
    INCREMENT BY 1
    NO MINVALUE
    NO MAXVALUE
    CACHE 1
);


--
-- TOC entry 242 (class 1259 OID 212435)
-- Name: customer_order_orderid_seq; Type: SEQUENCE; Schema: public; Owner: postgres
--

ALTER TABLE public.customer_order ALTER COLUMN orderid ADD GENERATED BY DEFAULT AS IDENTITY (
    SEQUENCE NAME public.customer_order_orderid_seq
    START WITH 1
    INCREMENT BY 1
    NO MINVALUE
    NO MAXVALUE
    CACHE 1
);


--
-- TOC entry 247 (class 1259 OID 212450)
-- Name: damage_report; Type: TABLE; Schema: public; Owner: postgres
--

CREATE TABLE public.damage_report (
    id bigint NOT NULL,
    damage_date date,
    damage_item character varying(255),
    description character varying(255),
    image_url character varying(255),
    report_date date,
    reported_user character varying(255),
    source_type character varying(255),
    status character varying(255),
    reported_user_id bigint
);


ALTER TABLE public.damage_report OWNER TO postgres;

--
-- TOC entry 246 (class 1259 OID 212449)
-- Name: damage_report_id_seq; Type: SEQUENCE; Schema: public; Owner: postgres
--

ALTER TABLE public.damage_report ALTER COLUMN id ADD GENERATED BY DEFAULT AS IDENTITY (
    SEQUENCE NAME public.damage_report_id_seq
    START WITH 1
    INCREMENT BY 1
    NO MINVALUE
    NO MAXVALUE
    CACHE 1
);


--
-- TOC entry 249 (class 1259 OID 212458)
-- Name: delivery; Type: TABLE; Schema: public; Owner: postgres
--

CREATE TABLE public.delivery (
    deliveryid bigint NOT NULL,
    camedate timestamp(6) without time zone,
    dispatchdate timestamp(6) without time zone,
    status integer,
    routeid bigint NOT NULL,
    srepid bigint NOT NULL,
    vehicleid bigint NOT NULL
);


ALTER TABLE public.delivery OWNER TO postgres;

--
-- TOC entry 248 (class 1259 OID 212457)
-- Name: delivery_deliveryid_seq; Type: SEQUENCE; Schema: public; Owner: postgres
--

ALTER TABLE public.delivery ALTER COLUMN deliveryid ADD GENERATED BY DEFAULT AS IDENTITY (
    SEQUENCE NAME public.delivery_deliveryid_seq
    START WITH 1
    INCREMENT BY 1
    NO MINVALUE
    NO MAXVALUE
    CACHE 1
);


--
-- TOC entry 250 (class 1259 OID 212463)
-- Name: delivery_order; Type: TABLE; Schema: public; Owner: postgres
--

CREATE TABLE public.delivery_order (
    orderid bigint NOT NULL,
    deliveryid bigint NOT NULL
);


ALTER TABLE public.delivery_order OWNER TO postgres;

--
-- TOC entry 251 (class 1259 OID 212468)
-- Name: deliverybatchinventory; Type: TABLE; Schema: public; Owner: postgres
--

CREATE TABLE public.deliverybatchinventory (
    batchtypeid bigint NOT NULL,
    datetime timestamp(6) without time zone NOT NULL,
    deliveryid bigint NOT NULL,
    type character varying(255) NOT NULL,
    current_quantity integer,
    quantity integer,
    wmid bigint
);


ALTER TABLE public.deliverybatchinventory OWNER TO postgres;

--
-- TOC entry 253 (class 1259 OID 212474)
-- Name: inventory; Type: TABLE; Schema: public; Owner: postgres
--

CREATE TABLE public.inventory (
    inventoryid bigint NOT NULL,
    location character varying(255)
);


ALTER TABLE public.inventory OWNER TO postgres;

--
-- TOC entry 252 (class 1259 OID 212473)
-- Name: inventory_inventoryid_seq; Type: SEQUENCE; Schema: public; Owner: postgres
--

ALTER TABLE public.inventory ALTER COLUMN inventoryid ADD GENERATED BY DEFAULT AS IDENTITY (
    SEQUENCE NAME public.inventory_inventoryid_seq
    START WITH 1
    INCREMENT BY 1
    NO MINVALUE
    NO MAXVALUE
    CACHE 1
);


--
-- TOC entry 254 (class 1259 OID 212479)
-- Name: label; Type: TABLE; Schema: public; Owner: postgres
--

CREATE TABLE public.label (
    quantity integer NOT NULL,
    inventoryid bigint NOT NULL,
    labelid bigint NOT NULL
);


ALTER TABLE public.label OWNER TO postgres;

--
-- TOC entry 256 (class 1259 OID 212485)
-- Name: label_type; Type: TABLE; Schema: public; Owner: postgres
--

CREATE TABLE public.label_type (
    labelid bigint NOT NULL,
    name character varying(255) NOT NULL,
    volume character varying(255)
);


ALTER TABLE public.label_type OWNER TO postgres;

--
-- TOC entry 255 (class 1259 OID 212484)
-- Name: label_type_labelid_seq; Type: SEQUENCE; Schema: public; Owner: postgres
--

ALTER TABLE public.label_type ALTER COLUMN labelid ADD GENERATED BY DEFAULT AS IDENTITY (
    SEQUENCE NAME public.label_type_labelid_seq
    START WITH 1
    INCREMENT BY 1
    NO MINVALUE
    NO MAXVALUE
    CACHE 1
);


--
-- TOC entry 258 (class 1259 OID 212493)
-- Name: mixer; Type: TABLE; Schema: public; Owner: postgres
--

CREATE TABLE public.mixer (
    mixerid bigint NOT NULL,
    availability integer NOT NULL,
    capacity bigint NOT NULL,
    name character varying(255)
);


ALTER TABLE public.mixer OWNER TO postgres;

--
-- TOC entry 257 (class 1259 OID 212492)
-- Name: mixer_mixerid_seq; Type: SEQUENCE; Schema: public; Owner: postgres
--

ALTER TABLE public.mixer ALTER COLUMN mixerid ADD GENERATED BY DEFAULT AS IDENTITY (
    SEQUENCE NAME public.mixer_mixerid_seq
    START WITH 1
    INCREMENT BY 1
    NO MINVALUE
    NO MAXVALUE
    CACHE 1
);


--
-- TOC entry 260 (class 1259 OID 212499)
-- Name: parent_batch_type; Type: TABLE; Schema: public; Owner: postgres
--

CREATE TABLE public.parent_batch_type (
    id bigint NOT NULL,
    batchtypename character varying(255),
    created_date timestamp(6) without time zone,
    unique_batch_code character varying(255),
    ptvid bigint NOT NULL
);


ALTER TABLE public.parent_batch_type OWNER TO postgres;

--
-- TOC entry 259 (class 1259 OID 212498)
-- Name: parent_batch_type_id_seq; Type: SEQUENCE; Schema: public; Owner: postgres
--

ALTER TABLE public.parent_batch_type ALTER COLUMN id ADD GENERATED BY DEFAULT AS IDENTITY (
    SEQUENCE NAME public.parent_batch_type_id_seq
    START WITH 1
    INCREMENT BY 1
    NO MINVALUE
    NO MAXVALUE
    CACHE 1
);


--
-- TOC entry 266 (class 1259 OID 212521)
-- Name: product_type; Type: TABLE; Schema: public; Owner: postgres
--

CREATE TABLE public.product_type (
    product_type_id bigint NOT NULL,
    details character varying(255),
    name character varying(255)
);


ALTER TABLE public.product_type OWNER TO postgres;

--
-- TOC entry 265 (class 1259 OID 212520)
-- Name: product_type_product_type_id_seq; Type: SEQUENCE; Schema: public; Owner: postgres
--

ALTER TABLE public.product_type ALTER COLUMN product_type_id ADD GENERATED BY DEFAULT AS IDENTITY (
    SEQUENCE NAME public.product_type_product_type_id_seq
    START WITH 1
    INCREMENT BY 1
    NO MINVALUE
    NO MAXVALUE
    CACHE 1
);


--
-- TOC entry 262 (class 1259 OID 212507)
-- Name: product_type_volume; Type: TABLE; Schema: public; Owner: postgres
--

CREATE TABLE public.product_type_volume (
    ptvid bigint NOT NULL,
    category character varying(255),
    image character varying(255),
    name character varying(255),
    unitprice numeric(38,2),
    volume bigint,
    bottleid bigint NOT NULL,
    labelid bigint NOT NULL,
    ptid bigint NOT NULL
);


ALTER TABLE public.product_type_volume OWNER TO postgres;

--
-- TOC entry 261 (class 1259 OID 212506)
-- Name: product_type_volume_ptvid_seq; Type: SEQUENCE; Schema: public; Owner: postgres
--

ALTER TABLE public.product_type_volume ALTER COLUMN ptvid ADD GENERATED BY DEFAULT AS IDENTITY (
    SEQUENCE NAME public.product_type_volume_ptvid_seq
    START WITH 1
    INCREMENT BY 1
    NO MINVALUE
    NO MAXVALUE
    CACHE 1
);


--
-- TOC entry 264 (class 1259 OID 212515)
-- Name: production; Type: TABLE; Schema: public; Owner: postgres
--

CREATE TABLE public.production (
    prodid bigint NOT NULL,
    currentvolume double precision,
    date timestamp(6) without time zone,
    expiredate timestamp(6) without time zone,
    status character varying(255),
    volume double precision,
    mixerid bigint NOT NULL,
    ptid bigint NOT NULL,
    wmid bigint NOT NULL
);


ALTER TABLE public.production OWNER TO postgres;

--
-- TOC entry 263 (class 1259 OID 212514)
-- Name: production_prodid_seq; Type: SEQUENCE; Schema: public; Owner: postgres
--

ALTER TABLE public.production ALTER COLUMN prodid ADD GENERATED BY DEFAULT AS IDENTITY (
    SEQUENCE NAME public.production_prodid_seq
    START WITH 1
    INCREMENT BY 1
    NO MINVALUE
    NO MAXVALUE
    CACHE 1
);


--
-- TOC entry 267 (class 1259 OID 212528)
-- Name: raw_chemical; Type: TABLE; Schema: public; Owner: postgres
--

CREATE TABLE public.raw_chemical (
    volume double precision NOT NULL,
    inventoryid bigint NOT NULL,
    chemid bigint NOT NULL
);


ALTER TABLE public.raw_chemical OWNER TO postgres;

--
-- TOC entry 269 (class 1259 OID 212534)
-- Name: raw_chemical_type; Type: TABLE; Schema: public; Owner: postgres
--

CREATE TABLE public.raw_chemical_type (
    chemid bigint NOT NULL,
    description character varying(255),
    name character varying(255),
    type character varying(255)
);


ALTER TABLE public.raw_chemical_type OWNER TO postgres;

--
-- TOC entry 268 (class 1259 OID 212533)
-- Name: raw_chemical_type_chemid_seq; Type: SEQUENCE; Schema: public; Owner: postgres
--

ALTER TABLE public.raw_chemical_type ALTER COLUMN chemid ADD GENERATED BY DEFAULT AS IDENTITY (
    SEQUENCE NAME public.raw_chemical_type_chemid_seq
    START WITH 1
    INCREMENT BY 1
    NO MINVALUE
    NO MAXVALUE
    CACHE 1
);


--
-- TOC entry 270 (class 1259 OID 212541)
-- Name: raw_material; Type: TABLE; Schema: public; Owner: postgres
--

CREATE TABLE public.raw_material (
    inventoryid bigint NOT NULL
);


ALTER TABLE public.raw_material OWNER TO postgres;

--
-- TOC entry 272 (class 1259 OID 212547)
-- Name: recipe; Type: TABLE; Schema: public; Owner: postgres
--

CREATE TABLE public.recipe (
    recipeid bigint NOT NULL,
    recipe_name character varying(255),
    product_type_id bigint NOT NULL
);


ALTER TABLE public.recipe OWNER TO postgres;

--
-- TOC entry 274 (class 1259 OID 212553)
-- Name: recipe_item; Type: TABLE; Schema: public; Owner: postgres
--

CREATE TABLE public.recipe_item (
    recipeitemid bigint NOT NULL,
    quantity double precision,
    unit character varying(255),
    chemid bigint NOT NULL,
    recipeid bigint NOT NULL
);


ALTER TABLE public.recipe_item OWNER TO postgres;

--
-- TOC entry 273 (class 1259 OID 212552)
-- Name: recipe_item_recipeitemid_seq; Type: SEQUENCE; Schema: public; Owner: postgres
--

ALTER TABLE public.recipe_item ALTER COLUMN recipeitemid ADD GENERATED BY DEFAULT AS IDENTITY (
    SEQUENCE NAME public.recipe_item_recipeitemid_seq
    START WITH 1
    INCREMENT BY 1
    NO MINVALUE
    NO MAXVALUE
    CACHE 1
);


--
-- TOC entry 271 (class 1259 OID 212546)
-- Name: recipe_recipeid_seq; Type: SEQUENCE; Schema: public; Owner: postgres
--

ALTER TABLE public.recipe ALTER COLUMN recipeid ADD GENERATED BY DEFAULT AS IDENTITY (
    SEQUENCE NAME public.recipe_recipeid_seq
    START WITH 1
    INCREMENT BY 1
    NO MINVALUE
    NO MAXVALUE
    CACHE 1
);


--
-- TOC entry 275 (class 1259 OID 212558)
-- Name: recipeitem_rawchemical; Type: TABLE; Schema: public; Owner: postgres
--

CREATE TABLE public.recipeitem_rawchemical (
    chemid bigint NOT NULL,
    recipeitemid bigint NOT NULL
);


ALTER TABLE public.recipeitem_rawchemical OWNER TO postgres;

--
-- TOC entry 277 (class 1259 OID 212564)
-- Name: route; Type: TABLE; Schema: public; Owner: postgres
--

CREATE TABLE public.route (
    routeid bigint NOT NULL,
    district character varying(255)
);


ALTER TABLE public.route OWNER TO postgres;

--
-- TOC entry 276 (class 1259 OID 212563)
-- Name: route_routeid_seq; Type: SEQUENCE; Schema: public; Owner: postgres
--

ALTER TABLE public.route ALTER COLUMN routeid ADD GENERATED BY DEFAULT AS IDENTITY (
    SEQUENCE NAME public.route_routeid_seq
    START WITH 1
    INCREMENT BY 1
    NO MINVALUE
    NO MAXVALUE
    CACHE 1
);


--
-- TOC entry 279 (class 1259 OID 212570)
-- Name: sales_rep; Type: TABLE; Schema: public; Owner: postgres
--

CREATE TABLE public.sales_rep (
    srepid bigint NOT NULL,
    status integer,
    userid bigint
);


ALTER TABLE public.sales_rep OWNER TO postgres;

--
-- TOC entry 278 (class 1259 OID 212569)
-- Name: sales_rep_srepid_seq; Type: SEQUENCE; Schema: public; Owner: postgres
--

ALTER TABLE public.sales_rep ALTER COLUMN srepid ADD GENERATED BY DEFAULT AS IDENTITY (
    SEQUENCE NAME public.sales_rep_srepid_seq
    START WITH 1
    INCREMENT BY 1
    NO MINVALUE
    NO MAXVALUE
    CACHE 1
);


--
-- TOC entry 280 (class 1259 OID 212575)
-- Name: supplier_rawmaterial; Type: TABLE; Schema: public; Owner: postgres
--

CREATE TABLE public.supplier_rawmaterial (
    date timestamp(6) without time zone NOT NULL,
    inventoryid bigint NOT NULL,
    supplierid bigint NOT NULL,
    current_quantity integer,
    exp_date date,
    quantity integer,
    total_price double precision,
    unit_price double precision,
    wmid bigint
);


ALTER TABLE public.supplier_rawmaterial OWNER TO postgres;

--
-- TOC entry 282 (class 1259 OID 212581)
-- Name: suppliers; Type: TABLE; Schema: public; Owner: postgres
--

CREATE TABLE public.suppliers (
    supplierid bigint NOT NULL,
    address character varying(255),
    br_id character varying(255),
    email character varying(255),
    first_name character varying(255),
    last_name character varying(255),
    phone character varying(255),
    status character varying(255),
    supplier_type character varying(255)
);


ALTER TABLE public.suppliers OWNER TO postgres;

--
-- TOC entry 281 (class 1259 OID 212580)
-- Name: suppliers_supplierid_seq; Type: SEQUENCE; Schema: public; Owner: postgres
--

ALTER TABLE public.suppliers ALTER COLUMN supplierid ADD GENERATED BY DEFAULT AS IDENTITY (
    SEQUENCE NAME public.suppliers_supplierid_seq
    START WITH 1
    INCREMENT BY 1
    NO MINVALUE
    NO MAXVALUE
    CACHE 1
);


--
-- TOC entry 284 (class 1259 OID 212589)
-- Name: users; Type: TABLE; Schema: public; Owner: postgres
--

CREATE TABLE public.users (
    id bigint NOT NULL,
    address character varying(255),
    email character varying(255),
    fname character varying(255),
    lname character varying(255),
    nic character varying(255),
    password character varying(255),
    phone character varying(255),
    role character varying(255),
    status character varying(255)
);


ALTER TABLE public.users OWNER TO postgres;

--
-- TOC entry 283 (class 1259 OID 212588)
-- Name: users_id_seq; Type: SEQUENCE; Schema: public; Owner: postgres
--

ALTER TABLE public.users ALTER COLUMN id ADD GENERATED BY DEFAULT AS IDENTITY (
    SEQUENCE NAME public.users_id_seq
    START WITH 1
    INCREMENT BY 1
    NO MINVALUE
    NO MAXVALUE
    CACHE 1
);


--
-- TOC entry 286 (class 1259 OID 212597)
-- Name: vehicles; Type: TABLE; Schema: public; Owner: postgres
--

CREATE TABLE public.vehicles (
    id bigint NOT NULL,
    capacity character varying(255),
    date character varying(255),
    description character varying(255),
    image character varying(255),
    seats bigint,
    status character varying(255),
    vehicle_no character varying(255),
    vehicle_type character varying(255)
);


ALTER TABLE public.vehicles OWNER TO postgres;

--
-- TOC entry 285 (class 1259 OID 212596)
-- Name: vehicles_id_seq; Type: SEQUENCE; Schema: public; Owner: postgres
--

ALTER TABLE public.vehicles ALTER COLUMN id ADD GENERATED BY DEFAULT AS IDENTITY (
    SEQUENCE NAME public.vehicles_id_seq
    START WITH 1
    INCREMENT BY 1
    NO MINVALUE
    NO MAXVALUE
    CACHE 1
);


--
-- TOC entry 288 (class 1259 OID 212605)
-- Name: warehouse_manager; Type: TABLE; Schema: public; Owner: postgres
--

CREATE TABLE public.warehouse_manager (
    wmid bigint NOT NULL,
    userid bigint
);


ALTER TABLE public.warehouse_manager OWNER TO postgres;

--
-- TOC entry 287 (class 1259 OID 212604)
-- Name: warehouse_manager_wmid_seq; Type: SEQUENCE; Schema: public; Owner: postgres
--

ALTER TABLE public.warehouse_manager ALTER COLUMN wmid ADD GENERATED BY DEFAULT AS IDENTITY (
    SEQUENCE NAME public.warehouse_manager_wmid_seq
    START WITH 1
    INCREMENT BY 1
    NO MINVALUE
    NO MAXVALUE
    CACHE 1
);


--
-- TOC entry 5264 (class 0 OID 212337)
-- Dependencies: 218
-- Data for Name: announcement; Type: TABLE DATA; Schema: public; Owner: postgres
--

COPY public.announcement (announcementid, date_time, message, target_roles) FROM stdin;
1	2025-10-18 19:04:47.945338	The system will be undergoing scheduled maintenance on October 20th from 10:00 PM to 12:00 AM. During this time, some services may be temporarily unavailable. Thank you for your understanding.	admin,customer,warehouse,rep
2	2025-10-18 19:05:08.635811	We’re excited to introduce our new Dettol Surface Cleaner! It offers improved antibacterial protection and a fresh fragrance. Available starting next week.	Customer
3	2025-10-18 19:05:44.426543	A monthly staff meeting will be held on October 22nd at 9:30 AM in the conference room. Please be on time and bring your progress updates.	Staff
\.


--
-- TOC entry 5266 (class 0 OID 212345)
-- Dependencies: 220
-- Data for Name: batch; Type: TABLE DATA; Schema: public; Owner: postgres
--

COPY public.batch (batchid, batchcode, batchdate, quantity, status, inventoryid, parent_batch_type_id, prodid, wmid) FROM stdin;
2	BT-2510186772	2025-10-18 15:50:07.166	20	confirmed	8	9	2	1
1	BT-2510185709	2025-10-18 15:49:38.278	50	confirmed	6	8	2	1
3	BT-2510188611	2025-10-18 15:55:08.032	25	confirmed	5	2	1	1
4	BT-2510189515	2025-10-18 15:55:27.179	25	confirmed	8	3	1	1
5	BT-2510183715	2025-10-18 16:12:25.984	10	confirmed	6	8	4	1
6	BT-2510188376	2025-10-18 16:14:26.741	10	confirmed	7	10	4	1
7	BT-2510187480	2025-10-18 16:15:14.314	14	confirmed	10	11	5	1
8	BT-2510189243	2025-10-18 16:16:23.866	10	confirmed	6	8	4	1
9	BT-2510185872	2025-10-18 16:17:04.644	25	confirmed	7	6	1	1
10	BT-2510186048	2025-10-18 16:19:59.211	1	confirmed	10	7	1	1
11	BT-2510189768	2025-10-18 16:20:47.778	19	confirmed	10	7	6	1
12	BT-2510183860	2025-10-18 16:22:51.948	50	confirmed	6	4	7	1
15	BT-2510184681	2025-10-18 16:24:11.818	7	confirmed	5	2	6	1
14	BT-2510186643	2025-10-18 16:23:30.65	3	confirmed	5	2	6	1
13	BT-2510182705	2025-10-18 16:23:17.377	20	confirmed	9	5	7	1
16	BT-2510181389	2025-10-18 16:24:26.221	8	confirmed	6	8	4	1
17	BT-2510189712	2025-10-18 16:25:07.018	3	confirmed	6	8	4	1
18	BT-2510188397	2025-10-18 16:25:19.305	4	confirmed	6	8	4	1
19	BT-2510195837	2025-10-19 04:26:46.299	15	confirmed	7	10	8	1
20	BT-2510192105	2025-10-19 04:28:11.385	14	confirmed	10	11	8	1
21	BT-2510191187	2025-10-19 16:15:47.091	10	confirmed	9	5	9	1
22	BT-2510192138	2025-10-19 16:28:36.978	10	confirmed	5	2	9	1
23	BT-2510199274	2025-10-19 16:37:24.169	12	confirmed	5	2	9	1
24	BT-2510205027	2025-10-20 03:24:35.663	10	confirmed	8	9	10	1
\.


--
-- TOC entry 5267 (class 0 OID 212352)
-- Dependencies: 221
-- Data for Name: batch_inventory; Type: TABLE DATA; Schema: public; Owner: postgres
--

COPY public.batch_inventory (batch_quantity, inventoryid, parent_batch_type_id) FROM stdin;
25	26	5
18	24	3
17	27	6
23	30	9
46	23	2
22	31	10
24	32	11
44	25	4
20	28	7
80	29	8
\.


--
-- TOC entry 5268 (class 0 OID 212357)
-- Dependencies: 222
-- Data for Name: batch_inventory_without_box; Type: TABLE DATA; Schema: public; Owner: postgres
--

COPY public.batch_inventory_without_box (batch_quantity, inventoryid, parent_batch_type_id) FROM stdin;
62	22	1
20	33	12
\.


--
-- TOC entry 5269 (class 0 OID 212362)
-- Dependencies: 223
-- Data for Name: batch_type; Type: TABLE DATA; Schema: public; Owner: postgres
--

COPY public.batch_type (id, boxid) FROM stdin;
2	1
3	4
4	2
5	5
6	3
7	6
8	2
9	4
10	3
11	6
\.


--
-- TOC entry 5270 (class 0 OID 212367)
-- Dependencies: 224
-- Data for Name: batch_type_without_box; Type: TABLE DATA; Schema: public; Owner: postgres
--

COPY public.batch_type_without_box (id) FROM stdin;
1
12
\.


--
-- TOC entry 5272 (class 0 OID 212373)
-- Dependencies: 226
-- Data for Name: batch_without_box; Type: TABLE DATA; Schema: public; Owner: postgres
--

COPY public.batch_without_box (batchwithoutboxid, batchcode, batchdate, quantity, status, parent_batch_type_id, prodid, wmid) FROM stdin;
1	BTW-2510184950	2025-10-18 15:46:45.063	45	confirmed	1	3	1
2	BTW-2510183990	2025-10-18 15:47:40.02	50	confirmed	1	3	1
3	BTW-2510181078	2025-10-18 15:53:36.542	40	confirmed	12	4	1
4	BTW-2510181432	2025-10-18 16:08:43.686	5	confirmed	12	4	1
\.


--
-- TOC entry 5274 (class 0 OID 212381)
-- Dependencies: 228
-- Data for Name: bill; Type: TABLE DATA; Schema: public; Owner: postgres
--

COPY public.bill (billid, datetime, total, srepid) FROM stdin;
1	2025-10-18 22:27:00.557	76500	2
2	2025-10-18 22:28:45.215	74000	2
3	2025-10-18 22:30:08.726	67850	2
4	2025-10-18 22:33:46.348	7598	1
5	2025-10-19 10:07:08.905	5300	1
6	2025-10-19 10:27:52.931	157799	2
\.


--
-- TOC entry 5276 (class 0 OID 212387)
-- Dependencies: 230
-- Data for Name: bill_item; Type: TABLE DATA; Schema: public; Owner: postgres
--

COPY public.bill_item (billitemid, quantity, total, cbillid, ptvid) FROM stdin;
1	50	39500	1	4
2	25	13250	1	1
3	25	23750	1	2
4	50	26500	2	1
5	50	47500	2	2
6	2	8600	3	6
7	75	59250	3	4
8	2	7598	4	7
9	10	5300	5	1
10	20	19000	6	2
11	1	3799	6	7
12	100	135000	6	5
\.


--
-- TOC entry 5277 (class 0 OID 212392)
-- Dependencies: 231
-- Data for Name: bottle; Type: TABLE DATA; Schema: public; Owner: postgres
--

COPY public.bottle (quantity, inventoryid, bottleid) FROM stdin;
860	4	4
1250	3	3
805	1	1
1200	2	2
\.


--
-- TOC entry 5279 (class 0 OID 212398)
-- Dependencies: 233
-- Data for Name: bottle_type; Type: TABLE DATA; Schema: public; Owner: postgres
--

COPY public.bottle_type (bottleid, name, volume) FROM stdin;
1	Small Bottle	250
2	Medium Bottle	500
3	Large Bottle	1000
4	Extra Large Bottle	5000
\.


--
-- TOC entry 5280 (class 0 OID 212405)
-- Dependencies: 234
-- Data for Name: box; Type: TABLE DATA; Schema: public; Owner: postgres
--

COPY public.box (quantity, inventoryid, boxid) FROM stdin;
865	6	2
950	7	3
952	10	6
970	9	5
943	5	1
945	8	4
\.


--
-- TOC entry 5282 (class 0 OID 212411)
-- Dependencies: 236
-- Data for Name: box_type; Type: TABLE DATA; Schema: public; Owner: postgres
--

COPY public.box_type (boxid, name, quantity_in_box) FROM stdin;
1	Ex-Small Box - 250ml	10
4	Small Box - 250ml	25
6	Large Box - 1L	25
5	Medium Box - 500ml	25
3	Medium Box - 1L	10
2	Small Box - 500ml	10
\.


--
-- TOC entry 5283 (class 0 OID 212416)
-- Dependencies: 237
-- Data for Name: chemical_usage; Type: TABLE DATA; Schema: public; Owner: postgres
--

COPY public.chemical_usage (quantity, inventoryid, prodid) FROM stdin;
\.


--
-- TOC entry 5285 (class 0 OID 212422)
-- Dependencies: 239
-- Data for Name: customer; Type: TABLE DATA; Schema: public; Owner: postgres
--

COPY public.customer (customerid, shop_name, routeid, srepid, userid) FROM stdin;
1	Hasitha and Sons	36	1	5
2	Ape Kade	36	1	6
3	Dineth Store	36	1	7
4	Lahiru Store	33	2	8
\.


--
-- TOC entry 5287 (class 0 OID 212428)
-- Dependencies: 241
-- Data for Name: customer_bill; Type: TABLE DATA; Schema: public; Owner: postgres
--

COPY public.customer_bill (cbillid, address, district, phone, shop_name, billid, deliveryid) FROM stdin;
1	12 Main Street, Kandy	kandy	0758657899	Kandy Kade	1	2
2	12 Temple Street, Peradeniya	kandy	0758655526	New Store	2	2
3	12 Main Street, Kandy, Central Province	kandy	0778889544	Kandy Kade	3	2
4	No 12, Habaraduwa Main Road, Galle	galle	0778856581	Galle New Store	4	1
5	No. 125, Main Street, Ambalangoda, Galle District	galle	0758966541	Ambalangoda Store	5	1
6	No. 45, Peradeniya Road, Kandy	kandy	0778569826	Kandy New Store	6	4
\.


--
-- TOC entry 5289 (class 0 OID 212436)
-- Dependencies: 243
-- Data for Name: customer_order; Type: TABLE DATA; Schema: public; Owner: postgres
--

COPY public.customer_order (orderid, delivered_date, feedback, ordered_date, rate, status, total, customerid, ordercode) FROM stdin;
15	2025-10-20 11:47:38.811	\N	2025-10-20 05:30:00	\N	accepted	9690.00	7	ORD202510206690
12	2025-10-20 09:02:00.104	\N	2025-10-20 05:30:00	\N	Complete	60486.00	8	ORD202510204789
13	2025-10-20 11:36:04.026	\N	2025-10-20 05:30:00	\N	pending	5406.00	5	ORD202510204351
1	2025-10-18 22:08:12.61	The order arrived quickly and everything was in perfect condition. Very satisfied with the service!	2025-10-18 05:30:00	5.00	Complete	34476.00	8	ORD202510184355
2	2025-10-18 22:09:29.894	\N	2025-10-18 05:30:00	\N	Complete	33150.00	7	ORD202510184351
3	2025-10-18 22:10:34.689	Customer service was very helpful when I had questions.	2025-10-18 05:30:00	4.00	Complete	21012.00	6	ORD202510184344
4	2025-10-18 22:14:23.671	\N	2025-10-18 05:30:00	\N	Complete	148297.80	5	ORD202510184777
5	2025-10-18 22:21:08.661	\N	2025-10-18 05:30:00	\N	Complete	37019.88	5	ORD202510187859
7	2025-10-19 10:16:57.787	\N	2025-10-19 05:30:00	\N	Complete	30192.00	8	ORD202510194359
8	2025-10-19 21:31:12.553	\N	2025-10-19 05:30:00	\N	Complete	61404.00	7	ORD202510198888
9	2025-10-19 21:35:05.882	\N	2025-10-19 05:30:00	\N	Complete	21216.00	5	ORD202510194111
10	2025-10-20 08:57:13.24	\N	2025-10-20 05:30:00	\N	Complete	54060.00	7	ORD202510204545
11	2025-10-20 08:57:47.732	\N	2025-10-20 05:30:00	\N	Complete	50587.92	5	ORD202510202222
\.


--
-- TOC entry 5291 (class 0 OID 212444)
-- Dependencies: 245
-- Data for Name: customer_order_item; Type: TABLE DATA; Schema: public; Owner: postgres
--

COPY public.customer_order_item (orderitemid, product_total, quantity, orderid, ptvid) FROM stdin;
1	5300.00	10	1	1
2	12700.00	10	1	3
3	15800.00	20	1	4
4	13500.00	10	2	5
5	19000.00	20	2	2
6	12700.00	10	3	3
7	7900.00	10	3	4
8	7900.00	10	4	4
9	86000.00	20	4	6
10	37990.00	10	4	7
11	13500.00	10	4	5
12	13500.00	10	5	5
13	22794.00	6	5	7
18	19000.00	20	7	2
19	10600.00	20	7	1
20	12700.00	10	8	3
21	47500.00	50	8	2
22	7900.00	10	9	4
23	12900.00	3	9	6
24	53000.00	100	10	1
25	34400.00	8	11	6
26	15196.00	4	11	7
27	21200.00	40	12	1
28	38100.00	30	12	3
29	5300.00	10	13	1
31	9500.00	10	15	2
\.


--
-- TOC entry 5293 (class 0 OID 212450)
-- Dependencies: 247
-- Data for Name: damage_report; Type: TABLE DATA; Schema: public; Owner: postgres
--

COPY public.damage_report (id, damage_date, damage_item, description, image_url, report_date, reported_user, source_type, status, reported_user_id) FROM stdin;
\.


--
-- TOC entry 5295 (class 0 OID 212458)
-- Dependencies: 249
-- Data for Name: delivery; Type: TABLE DATA; Schema: public; Owner: postgres
--

COPY public.delivery (deliveryid, camedate, dispatchdate, status, routeid, srepid, vehicleid) FROM stdin;
2	2025-10-18 22:30:59.546278	2025-10-18 16:55:00	0	33	2	1
1	2025-10-19 10:08:45.103908	2025-10-18 16:53:47	0	36	1	3
3	2025-10-19 10:38:03.890084	2025-10-19 04:44:50	0	36	1	1
4	2025-10-19 10:38:35.108021	2025-10-19 04:50:31	0	33	2	2
5	2025-10-19 21:32:15.260971	2025-10-19 15:41:49	0	36	1	1
6	2025-10-20 08:56:16.707689	2025-10-19 16:06:12	0	36	1	3
8	2025-10-25 03:34:15	2025-10-20 03:34:15	1	33	2	1
7	2025-10-20 09:05:51.893981	2025-10-20 03:29:20	0	36	1	3
\.


--
-- TOC entry 5296 (class 0 OID 212463)
-- Dependencies: 250
-- Data for Name: delivery_order; Type: TABLE DATA; Schema: public; Owner: postgres
--

COPY public.delivery_order (orderid, deliveryid) FROM stdin;
2	1
3	1
4	1
1	2
5	3
7	4
8	6
9	6
10	7
11	7
12	8
\.


--
-- TOC entry 5297 (class 0 OID 212468)
-- Dependencies: 251
-- Data for Name: deliverybatchinventory; Type: TABLE DATA; Schema: public; Owner: postgres
--

COPY public.deliverybatchinventory (batchtypeid, datetime, deliveryid, type, current_quantity, quantity, wmid) FROM stdin;
2	2025-10-18 22:25:00.713059	2	orders	0	1	1
6	2025-10-18 22:25:00.725072	2	orders	0	1	1
8	2025-10-18 22:25:00.735059	2	orders	0	2	1
3	2025-10-18 22:25:00.754071	2	extras	0	3	1
5	2025-10-18 22:25:00.763071	2	extras	0	3	1
1	2025-10-18 22:25:00.772061	2	extras	0	2	1
9	2025-10-18 22:25:00.74407	2	extras	0	5	1
1	2025-10-18 22:23:48.550416	1	orders	0	20	1
12	2025-10-18 22:23:48.562624	1	orders	0	10	1
12	2025-10-18 22:23:48.577841	1	extras	0	2	1
10	2025-10-18 22:23:48.495412	1	orders	0	2	1
4	2025-10-18 22:23:48.522407	1	orders	0	2	1
6	2025-10-18 22:23:48.531418	1	orders	0	1	1
8	2025-10-18 22:23:48.54041	1	orders	0	2	1
2	2025-10-18 22:23:48.570613	1	extras	0	1	1
1	2025-10-19 10:14:55.426027	3	orders	5	5	1
7	2025-10-19 10:14:55.444033	3	orders	1	1	1
3	2025-10-19 10:14:55.464029	3	orders	1	1	1
7	2025-10-19 10:14:55.481036	3	extras	5	5	1
5	2025-10-19 10:14:55.492938	3	extras	10	10	1
1	2025-10-19 10:14:55.507959	3	extras	5	5	1
4	2025-10-19 10:20:31.903118	4	orders	0	2	1
2	2025-10-19 10:20:31.921118	4	orders	0	2	1
4	2025-10-19 10:20:31.92811	4	extras	3	5	1
12	2025-10-19 10:20:31.943107	4	extras	4	5	1
11	2025-10-19 10:20:31.934112	4	extras	0	4	1
10	2025-10-19 10:14:55.371046	3	orders	0	1	1
12	2025-10-19 10:14:55.403027	3	orders	5	11	1
1	2025-10-19 21:11:50.299739	5	orders	5	5	1
12	2025-10-19 21:11:50.33888	5	orders	5	5	1
7	2025-10-19 21:11:50.35974	5	orders	1	1	1
3	2025-10-19 21:11:50.393087	5	orders	1	1	1
4	2025-10-19 21:11:50.417968	5	extras	2	2	1
7	2025-10-19 21:11:50.436999	5	extras	3	3	1
12	2025-10-19 21:36:12.951571	6	extras	2	2	1
8	2025-10-19 21:36:12.915384	6	orders	0	1	1
1	2025-10-19 21:36:12.9345	6	orders	0	3	1
6	2025-10-19 21:36:12.867571	6	orders	0	1	1
5	2025-10-19 21:36:12.894206	6	orders	0	2	1
2	2025-10-20 08:59:21.169886	7	extras	10	10	1
2	2025-10-20 09:04:15.510481	8	extras	3	3	1
6	2025-10-20 09:04:15.522485	8	extras	2	2	1
9	2025-10-20 09:04:15.537481	8	extras	2	2	1
12	2025-10-20 09:04:15.555499	8	extras	2	2	1
3	2025-10-20 08:59:21.093816	7	orders	0	4	1
1	2025-10-20 08:59:21.12671	7	orders	0	8	1
12	2025-10-20 08:59:21.147881	7	orders	0	4	1
2	2025-10-20 09:04:15.469479	8	orders	0	4	1
6	2025-10-20 09:04:15.492481	8	orders	0	3	1
\.


--
-- TOC entry 5299 (class 0 OID 212474)
-- Dependencies: 253
-- Data for Name: inventory; Type: TABLE DATA; Schema: public; Owner: postgres
--

COPY public.inventory (inventoryid, location) FROM stdin;
1	Default Warehouse
2	Default Warehouse
3	Default Warehouse
4	Default Warehouse
5	Default Warehouse
6	Default Warehouse
7	Default Warehouse
8	Default Warehouse
9	Default Warehouse
10	Default Warehouse
14	Default Warehouse
15	Default Warehouse
16	Default Warehouse
17	Default Warehouse
22	Default Warehouse
23	Default Warehouse
24	Default Warehouse
25	Default Warehouse
26	Default Warehouse
27	Default Warehouse
28	Default Warehouse
29	Default Warehouse
30	Default Warehouse
31	Default Warehouse
32	Default Warehouse
33	Default Warehouse
18	Hall A
19	Hall B
21	Hall C
20	Hall D
\.


--
-- TOC entry 5300 (class 0 OID 212479)
-- Dependencies: 254
-- Data for Name: label; Type: TABLE DATA; Schema: public; Owner: postgres
--

COPY public.label (quantity, inventoryid, labelid) FROM stdin;
860	17	4
1250	16	3
805	14	1
1200	15	2
\.


--
-- TOC entry 5302 (class 0 OID 212485)
-- Dependencies: 256
-- Data for Name: label_type; Type: TABLE DATA; Schema: public; Owner: postgres
--

COPY public.label_type (labelid, name, volume) FROM stdin;
1	Small Label	250
2	Medium Label	500
3	Large Label	1000
4	Extra Large Label	5000
\.


--
-- TOC entry 5304 (class 0 OID 212493)
-- Dependencies: 258
-- Data for Name: mixer; Type: TABLE DATA; Schema: public; Owner: postgres
--

COPY public.mixer (mixerid, availability, capacity, name) FROM stdin;
1	1	100000	Mixer 01
2	1	350000	Mixer 02
3	1	500000	Mixer 03
\.


--
-- TOC entry 5306 (class 0 OID 212499)
-- Dependencies: 260
-- Data for Name: parent_batch_type; Type: TABLE DATA; Schema: public; Owner: postgres
--

COPY public.parent_batch_type (id, batchtypename, created_date, unique_batch_code, ptvid) FROM stdin;
3	Dettol Batch-250	2025-10-18 20:14:47.445565	BATCHTYPE-20251018-87445	1
2	Dettol Batch-250	2025-10-18 20:14:27.456833	BATCHTYPE-20251018-67456	1
4	Dettol Batch-500	2025-10-18 20:15:53.456822	BATCHTYPE-20251018-53456	2
5	Dettol Batch-500	2025-10-18 20:16:42.157639	BATCHTYPE-20251018-02157	2
6	Dettol Batch-1L	2025-10-18 20:17:17.771994	BATCHTYPE-20251018-37771	3
7	Dettol Batch-1L	2025-10-18 20:17:48.298559	BATCHTYPE-20251018-68298	3
8	Lysol Batch-500	2025-10-18 20:18:47.648184	BATCHTYPE-20251018-27648	4
9	Lysol Batch-500	2025-10-18 20:19:44.240249	BATCHTYPE-20251018-84240	4
10	Lysol Batch-1L	2025-10-18 20:20:26.180754	BATCHTYPE-20251018-26180	5
11	Lysol Batch-1L	2025-10-18 20:20:43.551352	BATCHTYPE-20251018-43552	5
1	Savlon Batch-5L	2025-10-18 20:11:30.74514	BATCHTYPE-20251018-90746	6
12	Lysol Batch-5L	2025-10-18 20:23:56.249266	BATCHTYPE-20251018-36249	7
\.


--
-- TOC entry 5312 (class 0 OID 212521)
-- Dependencies: 266
-- Data for Name: product_type; Type: TABLE DATA; Schema: public; Owner: postgres
--

COPY public.product_type (product_type_id, details, name) FROM stdin;
1	An antiseptic liquid used for disinfection and wound cleaning.	Dettol
2	A disinfectant cleaner used for surface sanitation.	Lysol
3	An antiseptic liquid and surface disinfectant used for cleaning wounds and maintaining hygiene.	Savlon
\.


--
-- TOC entry 5308 (class 0 OID 212507)
-- Dependencies: 262
-- Data for Name: product_type_volume; Type: TABLE DATA; Schema: public; Owner: postgres
--

COPY public.product_type_volume (ptvid, category, image, name, unitprice, volume, bottleid, labelid, ptid) FROM stdin;
1	Cleaning Chemicals	Dettol_250ml_1760797904234.png	Dettol-250ml	530.00	250	1	1	1
3	Cleaning Chemicals	Dettol_1L_1760798126080.png	Dettol-1L	1270.00	1000	3	3	1
2	Cleaning Chemicals	Dettol_500_1760797960955.jpg	Dettol-500ml	950.00	500	2	2	1
4	Bathroom Cleaners	Lysol_500ml_1760798240447.jpeg	Lysol-500ml	790.00	500	2	2	2
5	Bathroom Cleaners	Lysol_1L_1760798297880.jpeg	Lysol-1L	1350.00	1000	2	2	2
6	Kitchen Cleaners	Savlon_5L_1760798369780.jpeg	Savlon-5L	4300.00	5000	4	4	3
7	Bathroom Cleaners	Lysol_5L_1760799218905.jpg	Lysol-5L	3799.00	5000	4	4	2
\.


--
-- TOC entry 5310 (class 0 OID 212515)
-- Dependencies: 264
-- Data for Name: production; Type: TABLE DATA; Schema: public; Owner: postgres
--

COPY public.production (prodid, currentvolume, date, expiredate, status, volume, mixerid, ptid, wmid) FROM stdin;
3	25000	2025-10-18 21:15:50.528	2028-10-17 05:30:00	confirmed	500000	3	3	1
2	0	2025-10-18 21:15:27.777	2028-10-17 05:30:00	confirmed	500000	3	2	1
5	0	2025-10-18 21:40:08.909	2028-10-17 05:30:00	confirmed	350000	2	2	1
1	6250	2025-10-18 21:14:55.564	2028-10-17 05:30:00	confirmed	500000	3	1	1
7	0	2025-10-18 21:51:52.282	2028-10-17 05:30:00	confirmed	500000	3	1	1
6	0	2025-10-18 21:50:29.694	2028-10-17 05:30:00	confirmed	500000	3	1	1
4	0	2025-10-18 21:20:44.871	2028-10-17 05:30:00	confirmed	500000	3	2	1
8	0	2025-10-19 09:56:16.944	2028-10-18 05:30:00	confirmed	500000	3	2	1
9	320000	2025-10-19 21:10:23.027	2028-10-18 05:30:00	confirmed	500000	3	1	1
10	375000	2025-10-20 08:53:28.528	2028-10-19 05:30:00	confirmed	500000	3	2	1
\.


--
-- TOC entry 5313 (class 0 OID 212528)
-- Dependencies: 267
-- Data for Name: raw_chemical; Type: TABLE DATA; Schema: public; Owner: postgres
--

COPY public.raw_chemical (volume, inventoryid, chemid) FROM stdin;
1856250	19	2
1423000	18	1
1364500	20	3
1483250	21	4
\.


--
-- TOC entry 5315 (class 0 OID 212534)
-- Dependencies: 269
-- Data for Name: raw_chemical_type; Type: TABLE DATA; Schema: public; Owner: postgres
--

COPY public.raw_chemical_type (chemid, description, name, type) FROM stdin;
1	Fast‑evaporating antiseptic solvent used for surface disinfection and as a solvent/carrier for active ingredients.	Isopropyl alcohol	Liquid
2	Common disinfectant solvent used in sprays and wipes for rapid microbial kill on surfaces.	Ethanol (denatured ethanol)	Liquid
3	Active antiseptic ingredient used in many household disinfectant liquids and handwash products.	Chloroxylenol (PCMX)	Liquid
4	Stable solid chlorine donor used in powder/tablet disinfectants and for producing hypochlorous solutions for hard‑surface disinfection.	Sodium dichloroisocyanurate	Solid
\.


--
-- TOC entry 5316 (class 0 OID 212541)
-- Dependencies: 270
-- Data for Name: raw_material; Type: TABLE DATA; Schema: public; Owner: postgres
--

COPY public.raw_material (inventoryid) FROM stdin;
1
2
3
4
5
6
7
8
9
10
14
15
16
17
18
19
20
21
\.


--
-- TOC entry 5318 (class 0 OID 212547)
-- Dependencies: 272
-- Data for Name: recipe; Type: TABLE DATA; Schema: public; Owner: postgres
--

COPY public.recipe (recipeid, recipe_name, product_type_id) FROM stdin;
1	Dettol Recipe	1
2	Lysol Recipe	2
3	Savlon Recipe	3
\.


--
-- TOC entry 5320 (class 0 OID 212553)
-- Dependencies: 274
-- Data for Name: recipe_item; Type: TABLE DATA; Schema: public; Owner: postgres
--

COPY public.recipe_item (recipeitemid, quantity, unit, chemid, recipeid) FROM stdin;
1	20	ml	3	1
2	10	ml	1	1
3	30	ml	2	1
4	25	ml	2	2
5	20	ml	1	2
6	30	ml	3	2
7	5	g	4	2
8	50	ml	2	3
9	20	ml	1	3
10	10	g	4	3
11	50	ml	3	3
\.


--
-- TOC entry 5321 (class 0 OID 212558)
-- Dependencies: 275
-- Data for Name: recipeitem_rawchemical; Type: TABLE DATA; Schema: public; Owner: postgres
--

COPY public.recipeitem_rawchemical (chemid, recipeitemid) FROM stdin;
3	1
2	3
1	2
1	5
2	4
3	6
4	7
2	8
1	9
4	10
3	11
\.


--
-- TOC entry 5323 (class 0 OID 212564)
-- Dependencies: 277
-- Data for Name: route; Type: TABLE DATA; Schema: public; Owner: postgres
--

COPY public.route (routeid, district) FROM stdin;
30	Colombo
31	Gampaha
32	Kalutara
33	Kandy
34	Matale
35	Nuwara Eliya
36	Galle
37	Matara
38	Hambantota
39	Jaffna
40	Kilinochchi
41	Mannar
42	Vavuniya
43	Mullaitivu
44	Trincomalee
45	Batticaloa
46	Ampara
47	Kurunegala
48	Puttalam
49	Anuradhapura
50	Polonnaruwa
51	Badulla
52	Monaragala
53	Ratnapura
54	Kegalle
\.


--
-- TOC entry 5325 (class 0 OID 212570)
-- Dependencies: 279
-- Data for Name: sales_rep; Type: TABLE DATA; Schema: public; Owner: postgres
--

COPY public.sales_rep (srepid, status, userid) FROM stdin;
2	0	4
1	1	2
\.


--
-- TOC entry 5326 (class 0 OID 212575)
-- Dependencies: 280
-- Data for Name: supplier_rawmaterial; Type: TABLE DATA; Schema: public; Owner: postgres
--

COPY public.supplier_rawmaterial (date, inventoryid, supplierid, current_quantity, exp_date, quantity, total_price, unit_price, wmid) FROM stdin;
2025-10-18 15:29:01.843	1	1	1000	2035-10-18	1000	10000	10	1
2025-10-18 15:29:14.644	2	1	1000	2035-10-18	1000	10000	10	1
2025-10-18 15:30:14.775	4	1	1000	2035-10-18	1000	15000	15	1
2025-10-18 15:31:05.177	3	1	1000	2035-10-18	1000	10000	10	1
2025-10-18 15:31:20.983	5	2	1000	2035-10-18	1000	10000	10	1
2025-10-18 15:31:31.666	6	2	1000	2035-10-18	1000	10000	10	1
2025-10-18 15:31:46.218	7	2	1000	2035-10-18	1000	12000	12	1
2025-10-18 15:32:03.802	8	2	1000	2035-10-18	1000	10000	10	1
2025-10-18 15:32:25.565	9	2	1000	2035-10-18	1000	11000	11	1
2025-10-18 15:32:39.779	10	3	1000	2035-10-18	1000	10000	10	1
2025-10-18 15:33:11.247	14	3	1000	2035-10-18	1000	2000	2	1
2025-10-18 15:33:36.579	15	3	1000	2035-10-18	1000	2000	2	1
2025-10-18 15:33:50.19	16	3	1000	2035-10-18	1000	2000	2	1
2025-10-18 15:34:01.465	17	3	1000	2035-10-18	1000	10000	10	1
2025-10-18 15:35:06.608	18	1	1000000	2030-12-20	1000000	738000	738	1
2025-10-18 15:35:35.26	19	1	1000000	2030-07-11	1000000	850000	850	1
2025-10-18 15:35:58.326	20	2	1000000	2029-10-23	1000000	730000	730	1
2025-10-18 15:36:19.633	21	1	1000000	2029-06-12	1000000	560000	560	1
2025-10-18 15:38:18.962	19	1	500000	2028-10-18	500000	425000	850	1
2025-10-18 16:11:31.085	15	2	2000	2035-10-18	2000	20000	10	1
2025-10-18 16:12:09.831	2	2	2000	2035-10-18	2000	20000	10	1
2025-10-19 04:22:40.807	16	1	1000	2035-10-19	1000	2000	2	1
2025-10-19 04:23:02.854	14	1	1000	2035-10-19	1000	2000	2	1
2025-10-19 04:23:20.358	15	1	1000	2035-10-19	1000	1000	1	1
2025-10-19 04:23:43.378	3	2	1000	2035-10-19	1000	10000	10	1
2025-10-19 04:24:08.635	1	2	1000	2035-10-19	1000	10000	10	1
2025-10-19 04:24:22.944	2	2	1000	2035-10-19	1000	5000	5	1
2025-10-20 03:22:07.393	15	2	1000	2035-10-20	1000	2000	2	1
2025-10-20 03:22:19.261	2	2	1000	2035-10-20	1000	10000	10	1
2025-10-18 15:38:44.828	19	1	356250	2025-10-29	500000	280000	560	1
2025-10-18 15:37:22.126	18	1	423000	2028-10-27	500000	365000	730	1
2025-10-18 15:39:42.857	20	2	364500	2027-11-08	500000	325000	650	1
2025-10-18 15:38:55.493	21	1	483250	2027-10-18	500000	375000	750	1
\.


--
-- TOC entry 5328 (class 0 OID 212581)
-- Dependencies: 282
-- Data for Name: suppliers; Type: TABLE DATA; Schema: public; Owner: postgres
--

COPY public.suppliers (supplierid, address, br_id, email, first_name, last_name, phone, status, supplier_type) FROM stdin;
1	45/1, Galle Road, Colombo 03	BR123456	nimal.perera@supplier.com	Nimal	Perera	0755555555	1	Chemical Supplier
2	12/A, Main Street, Kandy	BR654321	sunil.fernando@supplier.com	Sunil	Fernando	0756287111	1	Others Supplier
3	12/A, Main Street, Mathara	BR541455	sandunkumara@supplier.com	Sandun 	Kumara	0755555555	1	Chemical Supplier
\.


--
-- TOC entry 5330 (class 0 OID 212589)
-- Dependencies: 284
-- Data for Name: users; Type: TABLE DATA; Schema: public; Owner: postgres
--

COPY public.users (id, address, email, fname, lname, nic, password, phone, role, status) FROM stdin;
3	No. 78, Galle Road, Kalutara South	dimuthu@gmail.com	T.R.	Dimuthu	200105140746	$2a$10$LnfiyoPL1NxmNziFr8AQ1efDxOMq3H3mPqusF86x4w8HpXRM.A27G	0756587452	warehouse	active
4	24 Riverside Lane, Payagala, Kalutara	randila@gmail.com	D.C.	Randila	200108601743	$2a$10$h7n6TLDb2QgI4J0SrCpTo.FIbDwllo.5wVzmMkgoGpTijy09okThu	0756287100	salesrep	active
1	admin	admin@gmail.com	Mr.	Admin	200108601743	$2a$10$UH.7O9yatM.H5LUjDVhJsOtvWEFaQM/Uau65jgc6vMsVXbf/Ung1i	0344587245	admin	active
2	No. 45, Peradeniya Road, Kandy	thamindu@gmail.com	H.T.	Thamindu	200108558624	$2a$10$02tpiM9QoPY8Y1laaYBe0.7GpVMQQNItW6VAMzhCa3HMEzJ/jZcey	0758892458	salesrep	active
6	23 Galle Road, Akmeemana, Galle	lochana@gmail.com	L.E.	Lochana	200158856485	$2a$10$Tral5yYW.me58dfynsdO/u1fjatli8bfIsqSMOYJ4sgSXgCQ1Tc6a	0785689952	customer	active
7	56 Temple Lane, Karapitiya, Galle	dineth@gmail.com	D.l.	Dineth	200108601743	$2a$10$qKuEO/J1CCCXy0xuHEDH0Oa3B/boN.5mV1GRQn97ZBgayI2NS3fFa	0755851651	customer	active
8	12 Temple Street, Kandy, Central Province	lahiru@gmail.com	K.L	Lahiru	201519825321	$2a$10$L4hyvh567ToEYe2R/XQa7e6gx7b.kbNpmOCwVWp1c3fJyPWBpbB6m	0755888545	customer	active
5	No 12, Habaraduwa Main Road, Habaraduwa, Galle	hasitha@gmail.com	D.C.	Hasitha	200108601743	$2a$10$qKuEO/J1CCCXy0xuHEDH0Oa3B/boN.5mV1GRQn97ZBgayI2NS3fFa	0759621458	customer	active
\.


--
-- TOC entry 5332 (class 0 OID 212597)
-- Dependencies: 286
-- Data for Name: vehicles; Type: TABLE DATA; Schema: public; Owner: postgres
--

COPY public.vehicles (id, capacity, date, description, image, seats, status, vehicle_no, vehicle_type) FROM stdin;
2	5000000	2025-10-18	Used for large-scale product distribution and bulk deliveries. Includes GPS tracking.	vehicle_CP_8921_1760794738135.jpg	3	1	CP-8921	Lorry
1	30000000	2025-10-18	Ideal for small-scale local deliveries. Compact size makes it efficient for navigating city routes.	vehicle_KA_4578_1760795060970.webp	2	0	KA-4578	Truck
3	10000000	2025-10-18	Ideal for small-scale local deliveries. Compact size makes it efficient for navigating city routes.	vehicle_NW_2365_1760794820626.jpg	3	1	NW-2365	Truck
\.


--
-- TOC entry 5334 (class 0 OID 212605)
-- Dependencies: 288
-- Data for Name: warehouse_manager; Type: TABLE DATA; Schema: public; Owner: postgres
--

COPY public.warehouse_manager (wmid, userid) FROM stdin;
1	3
\.


--
-- TOC entry 5340 (class 0 OID 0)
-- Dependencies: 217
-- Name: announcement_announcementid_seq; Type: SEQUENCE SET; Schema: public; Owner: postgres
--

SELECT pg_catalog.setval('public.announcement_announcementid_seq', 3, true);


--
-- TOC entry 5341 (class 0 OID 0)
-- Dependencies: 219
-- Name: batch_batchid_seq; Type: SEQUENCE SET; Schema: public; Owner: postgres
--

SELECT pg_catalog.setval('public.batch_batchid_seq', 24, true);


--
-- TOC entry 5342 (class 0 OID 0)
-- Dependencies: 225
-- Name: batch_without_box_batchwithoutboxid_seq; Type: SEQUENCE SET; Schema: public; Owner: postgres
--

SELECT pg_catalog.setval('public.batch_without_box_batchwithoutboxid_seq', 4, true);


--
-- TOC entry 5343 (class 0 OID 0)
-- Dependencies: 227
-- Name: bill_billid_seq; Type: SEQUENCE SET; Schema: public; Owner: postgres
--

SELECT pg_catalog.setval('public.bill_billid_seq', 6, true);


--
-- TOC entry 5344 (class 0 OID 0)
-- Dependencies: 229
-- Name: bill_item_billitemid_seq; Type: SEQUENCE SET; Schema: public; Owner: postgres
--

SELECT pg_catalog.setval('public.bill_item_billitemid_seq', 12, true);


--
-- TOC entry 5345 (class 0 OID 0)
-- Dependencies: 232
-- Name: bottle_type_bottleid_seq; Type: SEQUENCE SET; Schema: public; Owner: postgres
--

SELECT pg_catalog.setval('public.bottle_type_bottleid_seq', 4, true);


--
-- TOC entry 5346 (class 0 OID 0)
-- Dependencies: 235
-- Name: box_type_boxid_seq; Type: SEQUENCE SET; Schema: public; Owner: postgres
--

SELECT pg_catalog.setval('public.box_type_boxid_seq', 9, true);


--
-- TOC entry 5347 (class 0 OID 0)
-- Dependencies: 240
-- Name: customer_bill_cbillid_seq; Type: SEQUENCE SET; Schema: public; Owner: postgres
--

SELECT pg_catalog.setval('public.customer_bill_cbillid_seq', 6, true);


--
-- TOC entry 5348 (class 0 OID 0)
-- Dependencies: 238
-- Name: customer_customerid_seq; Type: SEQUENCE SET; Schema: public; Owner: postgres
--

SELECT pg_catalog.setval('public.customer_customerid_seq', 4, true);


--
-- TOC entry 5349 (class 0 OID 0)
-- Dependencies: 244
-- Name: customer_order_item_orderitemid_seq; Type: SEQUENCE SET; Schema: public; Owner: postgres
--

SELECT pg_catalog.setval('public.customer_order_item_orderitemid_seq', 31, true);


--
-- TOC entry 5350 (class 0 OID 0)
-- Dependencies: 242
-- Name: customer_order_orderid_seq; Type: SEQUENCE SET; Schema: public; Owner: postgres
--

SELECT pg_catalog.setval('public.customer_order_orderid_seq', 15, true);


--
-- TOC entry 5351 (class 0 OID 0)
-- Dependencies: 246
-- Name: damage_report_id_seq; Type: SEQUENCE SET; Schema: public; Owner: postgres
--

SELECT pg_catalog.setval('public.damage_report_id_seq', 1, false);


--
-- TOC entry 5352 (class 0 OID 0)
-- Dependencies: 248
-- Name: delivery_deliveryid_seq; Type: SEQUENCE SET; Schema: public; Owner: postgres
--

SELECT pg_catalog.setval('public.delivery_deliveryid_seq', 8, true);


--
-- TOC entry 5353 (class 0 OID 0)
-- Dependencies: 252
-- Name: inventory_inventoryid_seq; Type: SEQUENCE SET; Schema: public; Owner: postgres
--

SELECT pg_catalog.setval('public.inventory_inventoryid_seq', 33, true);


--
-- TOC entry 5354 (class 0 OID 0)
-- Dependencies: 255
-- Name: label_type_labelid_seq; Type: SEQUENCE SET; Schema: public; Owner: postgres
--

SELECT pg_catalog.setval('public.label_type_labelid_seq', 4, true);


--
-- TOC entry 5355 (class 0 OID 0)
-- Dependencies: 257
-- Name: mixer_mixerid_seq; Type: SEQUENCE SET; Schema: public; Owner: postgres
--

SELECT pg_catalog.setval('public.mixer_mixerid_seq', 3, true);


--
-- TOC entry 5356 (class 0 OID 0)
-- Dependencies: 259
-- Name: parent_batch_type_id_seq; Type: SEQUENCE SET; Schema: public; Owner: postgres
--

SELECT pg_catalog.setval('public.parent_batch_type_id_seq', 12, true);


--
-- TOC entry 5357 (class 0 OID 0)
-- Dependencies: 265
-- Name: product_type_product_type_id_seq; Type: SEQUENCE SET; Schema: public; Owner: postgres
--

SELECT pg_catalog.setval('public.product_type_product_type_id_seq', 3, true);


--
-- TOC entry 5358 (class 0 OID 0)
-- Dependencies: 261
-- Name: product_type_volume_ptvid_seq; Type: SEQUENCE SET; Schema: public; Owner: postgres
--

SELECT pg_catalog.setval('public.product_type_volume_ptvid_seq', 7, true);


--
-- TOC entry 5359 (class 0 OID 0)
-- Dependencies: 263
-- Name: production_prodid_seq; Type: SEQUENCE SET; Schema: public; Owner: postgres
--

SELECT pg_catalog.setval('public.production_prodid_seq', 10, true);


--
-- TOC entry 5360 (class 0 OID 0)
-- Dependencies: 268
-- Name: raw_chemical_type_chemid_seq; Type: SEQUENCE SET; Schema: public; Owner: postgres
--

SELECT pg_catalog.setval('public.raw_chemical_type_chemid_seq', 4, true);


--
-- TOC entry 5361 (class 0 OID 0)
-- Dependencies: 273
-- Name: recipe_item_recipeitemid_seq; Type: SEQUENCE SET; Schema: public; Owner: postgres
--

SELECT pg_catalog.setval('public.recipe_item_recipeitemid_seq', 11, true);


--
-- TOC entry 5362 (class 0 OID 0)
-- Dependencies: 271
-- Name: recipe_recipeid_seq; Type: SEQUENCE SET; Schema: public; Owner: postgres
--

SELECT pg_catalog.setval('public.recipe_recipeid_seq', 3, true);


--
-- TOC entry 5363 (class 0 OID 0)
-- Dependencies: 276
-- Name: route_routeid_seq; Type: SEQUENCE SET; Schema: public; Owner: postgres
--

SELECT pg_catalog.setval('public.route_routeid_seq', 54, true);


--
-- TOC entry 5364 (class 0 OID 0)
-- Dependencies: 278
-- Name: sales_rep_srepid_seq; Type: SEQUENCE SET; Schema: public; Owner: postgres
--

SELECT pg_catalog.setval('public.sales_rep_srepid_seq', 2, true);


--
-- TOC entry 5365 (class 0 OID 0)
-- Dependencies: 281
-- Name: suppliers_supplierid_seq; Type: SEQUENCE SET; Schema: public; Owner: postgres
--

SELECT pg_catalog.setval('public.suppliers_supplierid_seq', 3, true);


--
-- TOC entry 5366 (class 0 OID 0)
-- Dependencies: 283
-- Name: users_id_seq; Type: SEQUENCE SET; Schema: public; Owner: postgres
--

SELECT pg_catalog.setval('public.users_id_seq', 8, true);


--
-- TOC entry 5367 (class 0 OID 0)
-- Dependencies: 285
-- Name: vehicles_id_seq; Type: SEQUENCE SET; Schema: public; Owner: postgres
--

SELECT pg_catalog.setval('public.vehicles_id_seq', 3, true);


--
-- TOC entry 5368 (class 0 OID 0)
-- Dependencies: 287
-- Name: warehouse_manager_wmid_seq; Type: SEQUENCE SET; Schema: public; Owner: postgres
--

SELECT pg_catalog.setval('public.warehouse_manager_wmid_seq', 1, true);


--
-- TOC entry 4939 (class 2606 OID 212343)
-- Name: announcement announcement_pkey; Type: CONSTRAINT; Schema: public; Owner: postgres
--

ALTER TABLE ONLY public.announcement
    ADD CONSTRAINT announcement_pkey PRIMARY KEY (announcementid);


--
-- TOC entry 4945 (class 2606 OID 212356)
-- Name: batch_inventory batch_inventory_pkey; Type: CONSTRAINT; Schema: public; Owner: postgres
--

ALTER TABLE ONLY public.batch_inventory
    ADD CONSTRAINT batch_inventory_pkey PRIMARY KEY (inventoryid);


--
-- TOC entry 4949 (class 2606 OID 212361)
-- Name: batch_inventory_without_box batch_inventory_without_box_pkey; Type: CONSTRAINT; Schema: public; Owner: postgres
--

ALTER TABLE ONLY public.batch_inventory_without_box
    ADD CONSTRAINT batch_inventory_without_box_pkey PRIMARY KEY (inventoryid);


--
-- TOC entry 4941 (class 2606 OID 212351)
-- Name: batch batch_pkey; Type: CONSTRAINT; Schema: public; Owner: postgres
--

ALTER TABLE ONLY public.batch
    ADD CONSTRAINT batch_pkey PRIMARY KEY (batchid);


--
-- TOC entry 4953 (class 2606 OID 212366)
-- Name: batch_type batch_type_pkey; Type: CONSTRAINT; Schema: public; Owner: postgres
--

ALTER TABLE ONLY public.batch_type
    ADD CONSTRAINT batch_type_pkey PRIMARY KEY (id);


--
-- TOC entry 4955 (class 2606 OID 212371)
-- Name: batch_type_without_box batch_type_without_box_pkey; Type: CONSTRAINT; Schema: public; Owner: postgres
--

ALTER TABLE ONLY public.batch_type_without_box
    ADD CONSTRAINT batch_type_without_box_pkey PRIMARY KEY (id);


--
-- TOC entry 4957 (class 2606 OID 212379)
-- Name: batch_without_box batch_without_box_pkey; Type: CONSTRAINT; Schema: public; Owner: postgres
--

ALTER TABLE ONLY public.batch_without_box
    ADD CONSTRAINT batch_without_box_pkey PRIMARY KEY (batchwithoutboxid);


--
-- TOC entry 4963 (class 2606 OID 212391)
-- Name: bill_item bill_item_pkey; Type: CONSTRAINT; Schema: public; Owner: postgres
--

ALTER TABLE ONLY public.bill_item
    ADD CONSTRAINT bill_item_pkey PRIMARY KEY (billitemid);


--
-- TOC entry 4961 (class 2606 OID 212385)
-- Name: bill bill_pkey; Type: CONSTRAINT; Schema: public; Owner: postgres
--

ALTER TABLE ONLY public.bill
    ADD CONSTRAINT bill_pkey PRIMARY KEY (billid);


--
-- TOC entry 4965 (class 2606 OID 212396)
-- Name: bottle bottle_pkey; Type: CONSTRAINT; Schema: public; Owner: postgres
--

ALTER TABLE ONLY public.bottle
    ADD CONSTRAINT bottle_pkey PRIMARY KEY (inventoryid);


--
-- TOC entry 4969 (class 2606 OID 212404)
-- Name: bottle_type bottle_type_pkey; Type: CONSTRAINT; Schema: public; Owner: postgres
--

ALTER TABLE ONLY public.bottle_type
    ADD CONSTRAINT bottle_type_pkey PRIMARY KEY (bottleid);


--
-- TOC entry 4971 (class 2606 OID 212409)
-- Name: box box_pkey; Type: CONSTRAINT; Schema: public; Owner: postgres
--

ALTER TABLE ONLY public.box
    ADD CONSTRAINT box_pkey PRIMARY KEY (inventoryid);


--
-- TOC entry 4975 (class 2606 OID 212415)
-- Name: box_type box_type_pkey; Type: CONSTRAINT; Schema: public; Owner: postgres
--

ALTER TABLE ONLY public.box_type
    ADD CONSTRAINT box_type_pkey PRIMARY KEY (boxid);


--
-- TOC entry 4977 (class 2606 OID 212420)
-- Name: chemical_usage chemical_usage_pkey; Type: CONSTRAINT; Schema: public; Owner: postgres
--

ALTER TABLE ONLY public.chemical_usage
    ADD CONSTRAINT chemical_usage_pkey PRIMARY KEY (inventoryid, prodid);


--
-- TOC entry 4983 (class 2606 OID 212434)
-- Name: customer_bill customer_bill_pkey; Type: CONSTRAINT; Schema: public; Owner: postgres
--

ALTER TABLE ONLY public.customer_bill
    ADD CONSTRAINT customer_bill_pkey PRIMARY KEY (cbillid);


--
-- TOC entry 4991 (class 2606 OID 212448)
-- Name: customer_order_item customer_order_item_pkey; Type: CONSTRAINT; Schema: public; Owner: postgres
--

ALTER TABLE ONLY public.customer_order_item
    ADD CONSTRAINT customer_order_item_pkey PRIMARY KEY (orderitemid);


--
-- TOC entry 4987 (class 2606 OID 212442)
-- Name: customer_order customer_order_pkey; Type: CONSTRAINT; Schema: public; Owner: postgres
--

ALTER TABLE ONLY public.customer_order
    ADD CONSTRAINT customer_order_pkey PRIMARY KEY (orderid);


--
-- TOC entry 4979 (class 2606 OID 212426)
-- Name: customer customer_pkey; Type: CONSTRAINT; Schema: public; Owner: postgres
--

ALTER TABLE ONLY public.customer
    ADD CONSTRAINT customer_pkey PRIMARY KEY (customerid);


--
-- TOC entry 4993 (class 2606 OID 212456)
-- Name: damage_report damage_report_pkey; Type: CONSTRAINT; Schema: public; Owner: postgres
--

ALTER TABLE ONLY public.damage_report
    ADD CONSTRAINT damage_report_pkey PRIMARY KEY (id);


--
-- TOC entry 4997 (class 2606 OID 212467)
-- Name: delivery_order delivery_order_pkey; Type: CONSTRAINT; Schema: public; Owner: postgres
--

ALTER TABLE ONLY public.delivery_order
    ADD CONSTRAINT delivery_order_pkey PRIMARY KEY (deliveryid, orderid);


--
-- TOC entry 4995 (class 2606 OID 212462)
-- Name: delivery delivery_pkey; Type: CONSTRAINT; Schema: public; Owner: postgres
--

ALTER TABLE ONLY public.delivery
    ADD CONSTRAINT delivery_pkey PRIMARY KEY (deliveryid);


--
-- TOC entry 4999 (class 2606 OID 212472)
-- Name: deliverybatchinventory deliverybatchinventory_pkey; Type: CONSTRAINT; Schema: public; Owner: postgres
--

ALTER TABLE ONLY public.deliverybatchinventory
    ADD CONSTRAINT deliverybatchinventory_pkey PRIMARY KEY (batchtypeid, datetime, deliveryid, type);


--
-- TOC entry 5001 (class 2606 OID 212478)
-- Name: inventory inventory_pkey; Type: CONSTRAINT; Schema: public; Owner: postgres
--

ALTER TABLE ONLY public.inventory
    ADD CONSTRAINT inventory_pkey PRIMARY KEY (inventoryid);


--
-- TOC entry 5003 (class 2606 OID 212483)
-- Name: label label_pkey; Type: CONSTRAINT; Schema: public; Owner: postgres
--

ALTER TABLE ONLY public.label
    ADD CONSTRAINT label_pkey PRIMARY KEY (inventoryid);


--
-- TOC entry 5007 (class 2606 OID 212491)
-- Name: label_type label_type_pkey; Type: CONSTRAINT; Schema: public; Owner: postgres
--

ALTER TABLE ONLY public.label_type
    ADD CONSTRAINT label_type_pkey PRIMARY KEY (labelid);


--
-- TOC entry 5009 (class 2606 OID 212497)
-- Name: mixer mixer_pkey; Type: CONSTRAINT; Schema: public; Owner: postgres
--

ALTER TABLE ONLY public.mixer
    ADD CONSTRAINT mixer_pkey PRIMARY KEY (mixerid);


--
-- TOC entry 5011 (class 2606 OID 212505)
-- Name: parent_batch_type parent_batch_type_pkey; Type: CONSTRAINT; Schema: public; Owner: postgres
--

ALTER TABLE ONLY public.parent_batch_type
    ADD CONSTRAINT parent_batch_type_pkey PRIMARY KEY (id);


--
-- TOC entry 5019 (class 2606 OID 212527)
-- Name: product_type product_type_pkey; Type: CONSTRAINT; Schema: public; Owner: postgres
--

ALTER TABLE ONLY public.product_type
    ADD CONSTRAINT product_type_pkey PRIMARY KEY (product_type_id);


--
-- TOC entry 5015 (class 2606 OID 212513)
-- Name: product_type_volume product_type_volume_pkey; Type: CONSTRAINT; Schema: public; Owner: postgres
--

ALTER TABLE ONLY public.product_type_volume
    ADD CONSTRAINT product_type_volume_pkey PRIMARY KEY (ptvid);


--
-- TOC entry 5017 (class 2606 OID 212519)
-- Name: production production_pkey; Type: CONSTRAINT; Schema: public; Owner: postgres
--

ALTER TABLE ONLY public.production
    ADD CONSTRAINT production_pkey PRIMARY KEY (prodid);


--
-- TOC entry 5021 (class 2606 OID 212532)
-- Name: raw_chemical raw_chemical_pkey; Type: CONSTRAINT; Schema: public; Owner: postgres
--

ALTER TABLE ONLY public.raw_chemical
    ADD CONSTRAINT raw_chemical_pkey PRIMARY KEY (inventoryid);


--
-- TOC entry 5025 (class 2606 OID 212540)
-- Name: raw_chemical_type raw_chemical_type_pkey; Type: CONSTRAINT; Schema: public; Owner: postgres
--

ALTER TABLE ONLY public.raw_chemical_type
    ADD CONSTRAINT raw_chemical_type_pkey PRIMARY KEY (chemid);


--
-- TOC entry 5027 (class 2606 OID 212545)
-- Name: raw_material raw_material_pkey; Type: CONSTRAINT; Schema: public; Owner: postgres
--

ALTER TABLE ONLY public.raw_material
    ADD CONSTRAINT raw_material_pkey PRIMARY KEY (inventoryid);


--
-- TOC entry 5033 (class 2606 OID 212557)
-- Name: recipe_item recipe_item_pkey; Type: CONSTRAINT; Schema: public; Owner: postgres
--

ALTER TABLE ONLY public.recipe_item
    ADD CONSTRAINT recipe_item_pkey PRIMARY KEY (recipeitemid);


--
-- TOC entry 5029 (class 2606 OID 212551)
-- Name: recipe recipe_pkey; Type: CONSTRAINT; Schema: public; Owner: postgres
--

ALTER TABLE ONLY public.recipe
    ADD CONSTRAINT recipe_pkey PRIMARY KEY (recipeid);


--
-- TOC entry 5035 (class 2606 OID 212562)
-- Name: recipeitem_rawchemical recipeitem_rawchemical_pkey; Type: CONSTRAINT; Schema: public; Owner: postgres
--

ALTER TABLE ONLY public.recipeitem_rawchemical
    ADD CONSTRAINT recipeitem_rawchemical_pkey PRIMARY KEY (chemid, recipeitemid);


--
-- TOC entry 5037 (class 2606 OID 212568)
-- Name: route route_pkey; Type: CONSTRAINT; Schema: public; Owner: postgres
--

ALTER TABLE ONLY public.route
    ADD CONSTRAINT route_pkey PRIMARY KEY (routeid);


--
-- TOC entry 5039 (class 2606 OID 212574)
-- Name: sales_rep sales_rep_pkey; Type: CONSTRAINT; Schema: public; Owner: postgres
--

ALTER TABLE ONLY public.sales_rep
    ADD CONSTRAINT sales_rep_pkey PRIMARY KEY (srepid);


--
-- TOC entry 5043 (class 2606 OID 212579)
-- Name: supplier_rawmaterial supplier_rawmaterial_pkey; Type: CONSTRAINT; Schema: public; Owner: postgres
--

ALTER TABLE ONLY public.supplier_rawmaterial
    ADD CONSTRAINT supplier_rawmaterial_pkey PRIMARY KEY (date, inventoryid, supplierid);


--
-- TOC entry 5045 (class 2606 OID 212587)
-- Name: suppliers suppliers_pkey; Type: CONSTRAINT; Schema: public; Owner: postgres
--

ALTER TABLE ONLY public.suppliers
    ADD CONSTRAINT suppliers_pkey PRIMARY KEY (supplierid);


--
-- TOC entry 4967 (class 2606 OID 212619)
-- Name: bottle uk226nh1t3gi5898fhp07ygooop; Type: CONSTRAINT; Schema: public; Owner: postgres
--

ALTER TABLE ONLY public.bottle
    ADD CONSTRAINT uk226nh1t3gi5898fhp07ygooop UNIQUE (bottleid);


--
-- TOC entry 4951 (class 2606 OID 212615)
-- Name: batch_inventory_without_box uk3kp71r3ah1me4em6r6mooajyp; Type: CONSTRAINT; Schema: public; Owner: postgres
--

ALTER TABLE ONLY public.batch_inventory_without_box
    ADD CONSTRAINT uk3kp71r3ah1me4em6r6mooajyp UNIQUE (parent_batch_type_id);


--
-- TOC entry 5049 (class 2606 OID 212637)
-- Name: vehicles uk4ps5wofpo6yfoljy6mgt2y3xh; Type: CONSTRAINT; Schema: public; Owner: postgres
--

ALTER TABLE ONLY public.vehicles
    ADD CONSTRAINT uk4ps5wofpo6yfoljy6mgt2y3xh UNIQUE (vehicle_no);


--
-- TOC entry 4981 (class 2606 OID 212623)
-- Name: customer uk7fs7b2coc7qru1qcvy91erql4; Type: CONSTRAINT; Schema: public; Owner: postgres
--

ALTER TABLE ONLY public.customer
    ADD CONSTRAINT uk7fs7b2coc7qru1qcvy91erql4 UNIQUE (userid);


--
-- TOC entry 4973 (class 2606 OID 212621)
-- Name: box ukb1i0daktxn9o5vhegqopqiple; Type: CONSTRAINT; Schema: public; Owner: postgres
--

ALTER TABLE ONLY public.box
    ADD CONSTRAINT ukb1i0daktxn9o5vhegqopqiple UNIQUE (boxid);


--
-- TOC entry 5023 (class 2606 OID 212631)
-- Name: raw_chemical ukb4dl0ahollgh4pkfqldgm5ffl; Type: CONSTRAINT; Schema: public; Owner: postgres
--

ALTER TABLE ONLY public.raw_chemical
    ADD CONSTRAINT ukb4dl0ahollgh4pkfqldgm5ffl UNIQUE (chemid);


--
-- TOC entry 4943 (class 2606 OID 212611)
-- Name: batch ukd9dr0npnk3r1ddgpcnbabr75o; Type: CONSTRAINT; Schema: public; Owner: postgres
--

ALTER TABLE ONLY public.batch
    ADD CONSTRAINT ukd9dr0npnk3r1ddgpcnbabr75o UNIQUE (batchcode);


--
-- TOC entry 5053 (class 2606 OID 212639)
-- Name: warehouse_manager ukdqnww9u2f60xlythf3g9wvhov; Type: CONSTRAINT; Schema: public; Owner: postgres
--

ALTER TABLE ONLY public.warehouse_manager
    ADD CONSTRAINT ukdqnww9u2f60xlythf3g9wvhov UNIQUE (userid);


--
-- TOC entry 4959 (class 2606 OID 212617)
-- Name: batch_without_box ukfb8qyg1pbw618f3l3du6k4jbt; Type: CONSTRAINT; Schema: public; Owner: postgres
--

ALTER TABLE ONLY public.batch_without_box
    ADD CONSTRAINT ukfb8qyg1pbw618f3l3du6k4jbt UNIQUE (batchcode);


--
-- TOC entry 4989 (class 2606 OID 212953)
-- Name: customer_order ukfu2uml5skvshrwtsgcp5u70ob; Type: CONSTRAINT; Schema: public; Owner: postgres
--

ALTER TABLE ONLY public.customer_order
    ADD CONSTRAINT ukfu2uml5skvshrwtsgcp5u70ob UNIQUE (ordercode);


--
-- TOC entry 5005 (class 2606 OID 212627)
-- Name: label ukg9nk3gt1cravf4qy3elgxpt23; Type: CONSTRAINT; Schema: public; Owner: postgres
--

ALTER TABLE ONLY public.label
    ADD CONSTRAINT ukg9nk3gt1cravf4qy3elgxpt23 UNIQUE (labelid);


--
-- TOC entry 5013 (class 2606 OID 212629)
-- Name: parent_batch_type ukmhwpwdd8t91fc0nuors402a8b; Type: CONSTRAINT; Schema: public; Owner: postgres
--

ALTER TABLE ONLY public.parent_batch_type
    ADD CONSTRAINT ukmhwpwdd8t91fc0nuors402a8b UNIQUE (unique_batch_code);


--
-- TOC entry 4985 (class 2606 OID 212625)
-- Name: customer_bill ukoq3kbfyd1qio5na9y76805cqq; Type: CONSTRAINT; Schema: public; Owner: postgres
--

ALTER TABLE ONLY public.customer_bill
    ADD CONSTRAINT ukoq3kbfyd1qio5na9y76805cqq UNIQUE (billid);


--
-- TOC entry 4947 (class 2606 OID 212613)
-- Name: batch_inventory ukpocmnergs95jqtaylrlukd0s7; Type: CONSTRAINT; Schema: public; Owner: postgres
--

ALTER TABLE ONLY public.batch_inventory
    ADD CONSTRAINT ukpocmnergs95jqtaylrlukd0s7 UNIQUE (parent_batch_type_id);


--
-- TOC entry 5041 (class 2606 OID 212635)
-- Name: sales_rep ukt046ll2i89l3al01t1eq53jhs; Type: CONSTRAINT; Schema: public; Owner: postgres
--

ALTER TABLE ONLY public.sales_rep
    ADD CONSTRAINT ukt046ll2i89l3al01t1eq53jhs UNIQUE (userid);


--
-- TOC entry 5031 (class 2606 OID 212633)
-- Name: recipe ukthu42mfnjmu2livrstv52kv8n; Type: CONSTRAINT; Schema: public; Owner: postgres
--

ALTER TABLE ONLY public.recipe
    ADD CONSTRAINT ukthu42mfnjmu2livrstv52kv8n UNIQUE (product_type_id);


--
-- TOC entry 5047 (class 2606 OID 212595)
-- Name: users users_pkey; Type: CONSTRAINT; Schema: public; Owner: postgres
--

ALTER TABLE ONLY public.users
    ADD CONSTRAINT users_pkey PRIMARY KEY (id);


--
-- TOC entry 5051 (class 2606 OID 212603)
-- Name: vehicles vehicles_pkey; Type: CONSTRAINT; Schema: public; Owner: postgres
--

ALTER TABLE ONLY public.vehicles
    ADD CONSTRAINT vehicles_pkey PRIMARY KEY (id);


--
-- TOC entry 5055 (class 2606 OID 212609)
-- Name: warehouse_manager warehouse_manager_pkey; Type: CONSTRAINT; Schema: public; Owner: postgres
--

ALTER TABLE ONLY public.warehouse_manager
    ADD CONSTRAINT warehouse_manager_pkey PRIMARY KEY (wmid);


--
-- TOC entry 5073 (class 2606 OID 212725)
-- Name: bottle fk1be30xobb64n76cq8ngxissf; Type: FK CONSTRAINT; Schema: public; Owner: postgres
--

ALTER TABLE ONLY public.bottle
    ADD CONSTRAINT fk1be30xobb64n76cq8ngxissf FOREIGN KEY (bottleid) REFERENCES public.bottle_type(bottleid);


--
-- TOC entry 5107 (class 2606 OID 212890)
-- Name: raw_material fk1dm3pnme0hriu6spa7a5rkbxr; Type: FK CONSTRAINT; Schema: public; Owner: postgres
--

ALTER TABLE ONLY public.raw_material
    ADD CONSTRAINT fk1dm3pnme0hriu6spa7a5rkbxr FOREIGN KEY (inventoryid) REFERENCES public.inventory(inventoryid);


--
-- TOC entry 5109 (class 2606 OID 212905)
-- Name: recipe_item fk27f7a1fuvbs98rur4glan3u4m; Type: FK CONSTRAINT; Schema: public; Owner: postgres
--

ALTER TABLE ONLY public.recipe_item
    ADD CONSTRAINT fk27f7a1fuvbs98rur4glan3u4m FOREIGN KEY (recipeid) REFERENCES public.recipe(recipeid);


--
-- TOC entry 5099 (class 2606 OID 212850)
-- Name: product_type_volume fk39iulq68mfn2dhl2tyium1am2; Type: FK CONSTRAINT; Schema: public; Owner: postgres
--

ALTER TABLE ONLY public.product_type_volume
    ADD CONSTRAINT fk39iulq68mfn2dhl2tyium1am2 FOREIGN KEY (bottleid) REFERENCES public.bottle_type(bottleid);


--
-- TOC entry 5062 (class 2606 OID 212675)
-- Name: batch_inventory_without_box fk3qdgg59ll55wvkfovhju2pkuv; Type: FK CONSTRAINT; Schema: public; Owner: postgres
--

ALTER TABLE ONLY public.batch_inventory_without_box
    ADD CONSTRAINT fk3qdgg59ll55wvkfovhju2pkuv FOREIGN KEY (inventoryid) REFERENCES public.inventory(inventoryid);


--
-- TOC entry 5087 (class 2606 OID 212947)
-- Name: damage_report fk3tnmtag9gyqxnmm5wu8qnk7wp; Type: FK CONSTRAINT; Schema: public; Owner: postgres
--

ALTER TABLE ONLY public.damage_report
    ADD CONSTRAINT fk3tnmtag9gyqxnmm5wu8qnk7wp FOREIGN KEY (reported_user_id) REFERENCES public.users(id);


--
-- TOC entry 5077 (class 2606 OID 212750)
-- Name: chemical_usage fk3y3uej8qtuhnllmwgoslpn53f; Type: FK CONSTRAINT; Schema: public; Owner: postgres
--

ALTER TABLE ONLY public.chemical_usage
    ADD CONSTRAINT fk3y3uej8qtuhnllmwgoslpn53f FOREIGN KEY (prodid) REFERENCES public.production(prodid);


--
-- TOC entry 5074 (class 2606 OID 212730)
-- Name: bottle fk4ximsks8ky6jggk0ula0mvn6l; Type: FK CONSTRAINT; Schema: public; Owner: postgres
--

ALTER TABLE ONLY public.bottle
    ADD CONSTRAINT fk4ximsks8ky6jggk0ula0mvn6l FOREIGN KEY (inventoryid) REFERENCES public.raw_material(inventoryid);


--
-- TOC entry 5067 (class 2606 OID 212705)
-- Name: batch_without_box fk5cf2h51gty6tjges33h7lqqpl; Type: FK CONSTRAINT; Schema: public; Owner: postgres
--

ALTER TABLE ONLY public.batch_without_box
    ADD CONSTRAINT fk5cf2h51gty6tjges33h7lqqpl FOREIGN KEY (wmid) REFERENCES public.warehouse_manager(wmid);


--
-- TOC entry 5056 (class 2606 OID 212640)
-- Name: batch fk5herlwnboeoal3208d1145lmn; Type: FK CONSTRAINT; Schema: public; Owner: postgres
--

ALTER TABLE ONLY public.batch
    ADD CONSTRAINT fk5herlwnboeoal3208d1145lmn FOREIGN KEY (inventoryid) REFERENCES public.box(inventoryid);


--
-- TOC entry 5102 (class 2606 OID 212870)
-- Name: production fk5qjcb79ruue3qtrlxar9yp8c7; Type: FK CONSTRAINT; Schema: public; Owner: postgres
--

ALTER TABLE ONLY public.production
    ADD CONSTRAINT fk5qjcb79ruue3qtrlxar9yp8c7 FOREIGN KEY (ptid) REFERENCES public.product_type(product_type_id);


--
-- TOC entry 5057 (class 2606 OID 212650)
-- Name: batch fk5u4puxvquxbj78khekva2u57p; Type: FK CONSTRAINT; Schema: public; Owner: postgres
--

ALTER TABLE ONLY public.batch
    ADD CONSTRAINT fk5u4puxvquxbj78khekva2u57p FOREIGN KEY (prodid) REFERENCES public.production(prodid);


--
-- TOC entry 5111 (class 2606 OID 212915)
-- Name: recipeitem_rawchemical fk62ggjuo0cpumimpg0go98xi4i; Type: FK CONSTRAINT; Schema: public; Owner: postgres
--

ALTER TABLE ONLY public.recipeitem_rawchemical
    ADD CONSTRAINT fk62ggjuo0cpumimpg0go98xi4i FOREIGN KEY (recipeitemid) REFERENCES public.recipe_item(recipeitemid);


--
-- TOC entry 5068 (class 2606 OID 212695)
-- Name: batch_without_box fk69lx44g5denufsl3wr7otw5eq; Type: FK CONSTRAINT; Schema: public; Owner: postgres
--

ALTER TABLE ONLY public.batch_without_box
    ADD CONSTRAINT fk69lx44g5denufsl3wr7otw5eq FOREIGN KEY (parent_batch_type_id) REFERENCES public.parent_batch_type(id);


--
-- TOC entry 5093 (class 2606 OID 212825)
-- Name: deliverybatchinventory fk6mjib0n98n1hut1pkunbhswag; Type: FK CONSTRAINT; Schema: public; Owner: postgres
--

ALTER TABLE ONLY public.deliverybatchinventory
    ADD CONSTRAINT fk6mjib0n98n1hut1pkunbhswag FOREIGN KEY (deliveryid) REFERENCES public.delivery(deliveryid);


--
-- TOC entry 5103 (class 2606 OID 212875)
-- Name: production fk6ueifajt8oy1php5qadue9osy; Type: FK CONSTRAINT; Schema: public; Owner: postgres
--

ALTER TABLE ONLY public.production
    ADD CONSTRAINT fk6ueifajt8oy1php5qadue9osy FOREIGN KEY (wmid) REFERENCES public.warehouse_manager(wmid);


--
-- TOC entry 5075 (class 2606 OID 212735)
-- Name: box fk7oli3jcu57qk1j1l8bwxlm154; Type: FK CONSTRAINT; Schema: public; Owner: postgres
--

ALTER TABLE ONLY public.box
    ADD CONSTRAINT fk7oli3jcu57qk1j1l8bwxlm154 FOREIGN KEY (boxid) REFERENCES public.box_type(boxid);


--
-- TOC entry 5100 (class 2606 OID 212860)
-- Name: product_type_volume fk7r5afppkj6rf81y6vkut2w1d2; Type: FK CONSTRAINT; Schema: public; Owner: postgres
--

ALTER TABLE ONLY public.product_type_volume
    ADD CONSTRAINT fk7r5afppkj6rf81y6vkut2w1d2 FOREIGN KEY (ptid) REFERENCES public.product_type(product_type_id);


--
-- TOC entry 5110 (class 2606 OID 212900)
-- Name: recipe_item fk824ru13t2fyt0lllcnc76jybe; Type: FK CONSTRAINT; Schema: public; Owner: postgres
--

ALTER TABLE ONLY public.recipe_item
    ADD CONSTRAINT fk824ru13t2fyt0lllcnc76jybe FOREIGN KEY (chemid) REFERENCES public.raw_chemical_type(chemid);


--
-- TOC entry 5096 (class 2606 OID 212840)
-- Name: label fk834u2qb90owbuy5oix779x33g; Type: FK CONSTRAINT; Schema: public; Owner: postgres
--

ALTER TABLE ONLY public.label
    ADD CONSTRAINT fk834u2qb90owbuy5oix779x33g FOREIGN KEY (inventoryid) REFERENCES public.raw_material(inventoryid);


--
-- TOC entry 5078 (class 2606 OID 212745)
-- Name: chemical_usage fk8s2dvoongwoc75cq7xf16a2qo; Type: FK CONSTRAINT; Schema: public; Owner: postgres
--

ALTER TABLE ONLY public.chemical_usage
    ADD CONSTRAINT fk8s2dvoongwoc75cq7xf16a2qo FOREIGN KEY (inventoryid) REFERENCES public.raw_chemical(inventoryid);


--
-- TOC entry 5064 (class 2606 OID 212680)
-- Name: batch_type fk8xqf59sffsy9hjvy0pblnsene; Type: FK CONSTRAINT; Schema: public; Owner: postgres
--

ALTER TABLE ONLY public.batch_type
    ADD CONSTRAINT fk8xqf59sffsy9hjvy0pblnsene FOREIGN KEY (boxid) REFERENCES public.box_type(boxid);


--
-- TOC entry 5101 (class 2606 OID 212855)
-- Name: product_type_volume fk9dh9wi22g8ygbromuro0kkyot; Type: FK CONSTRAINT; Schema: public; Owner: postgres
--

ALTER TABLE ONLY public.product_type_volume
    ADD CONSTRAINT fk9dh9wi22g8ygbromuro0kkyot FOREIGN KEY (labelid) REFERENCES public.label_type(labelid);


--
-- TOC entry 5070 (class 2606 OID 212710)
-- Name: bill fk_bill_salesrep; Type: FK CONSTRAINT; Schema: public; Owner: postgres
--

ALTER TABLE ONLY public.bill
    ADD CONSTRAINT fk_bill_salesrep FOREIGN KEY (srepid) REFERENCES public.sales_rep(srepid);


--
-- TOC entry 5071 (class 2606 OID 212715)
-- Name: bill_item fk_billitem_bill; Type: FK CONSTRAINT; Schema: public; Owner: postgres
--

ALTER TABLE ONLY public.bill_item
    ADD CONSTRAINT fk_billitem_bill FOREIGN KEY (cbillid) REFERENCES public.bill(billid);


--
-- TOC entry 5072 (class 2606 OID 212720)
-- Name: bill_item fk_billitem_ptvid; Type: FK CONSTRAINT; Schema: public; Owner: postgres
--

ALTER TABLE ONLY public.bill_item
    ADD CONSTRAINT fk_billitem_ptvid FOREIGN KEY (ptvid) REFERENCES public.product_type_volume(ptvid) ON UPDATE SET NULL ON DELETE SET NULL;


--
-- TOC entry 5079 (class 2606 OID 212755)
-- Name: customer fk_customer_route; Type: FK CONSTRAINT; Schema: public; Owner: postgres
--

ALTER TABLE ONLY public.customer
    ADD CONSTRAINT fk_customer_route FOREIGN KEY (routeid) REFERENCES public.route(routeid) ON UPDATE SET NULL ON DELETE SET NULL;


--
-- TOC entry 5080 (class 2606 OID 212760)
-- Name: customer fk_customer_salesrep; Type: FK CONSTRAINT; Schema: public; Owner: postgres
--

ALTER TABLE ONLY public.customer
    ADD CONSTRAINT fk_customer_salesrep FOREIGN KEY (srepid) REFERENCES public.sales_rep(srepid) ON UPDATE SET NULL ON DELETE SET NULL;


--
-- TOC entry 5081 (class 2606 OID 212765)
-- Name: customer fk_customer_user; Type: FK CONSTRAINT; Schema: public; Owner: postgres
--

ALTER TABLE ONLY public.customer
    ADD CONSTRAINT fk_customer_user FOREIGN KEY (userid) REFERENCES public.users(id) ON UPDATE CASCADE ON DELETE CASCADE;


--
-- TOC entry 5082 (class 2606 OID 212770)
-- Name: customer_bill fk_customerbill_bill; Type: FK CONSTRAINT; Schema: public; Owner: postgres
--

ALTER TABLE ONLY public.customer_bill
    ADD CONSTRAINT fk_customerbill_bill FOREIGN KEY (billid) REFERENCES public.bill(billid);


--
-- TOC entry 5083 (class 2606 OID 212775)
-- Name: customer_bill fk_customerbill_delivery; Type: FK CONSTRAINT; Schema: public; Owner: postgres
--

ALTER TABLE ONLY public.customer_bill
    ADD CONSTRAINT fk_customerbill_delivery FOREIGN KEY (deliveryid) REFERENCES public.delivery(deliveryid);


--
-- TOC entry 5085 (class 2606 OID 212785)
-- Name: customer_order_item fk_orderitem_order; Type: FK CONSTRAINT; Schema: public; Owner: postgres
--

ALTER TABLE ONLY public.customer_order_item
    ADD CONSTRAINT fk_orderitem_order FOREIGN KEY (orderid) REFERENCES public.customer_order(orderid) ON UPDATE SET NULL ON DELETE SET NULL;


--
-- TOC entry 5086 (class 2606 OID 212790)
-- Name: customer_order_item fk_orderitem_ptvid; Type: FK CONSTRAINT; Schema: public; Owner: postgres
--

ALTER TABLE ONLY public.customer_order_item
    ADD CONSTRAINT fk_orderitem_ptvid FOREIGN KEY (ptvid) REFERENCES public.product_type_volume(ptvid) ON UPDATE SET NULL ON DELETE SET NULL;


--
-- TOC entry 5113 (class 2606 OID 212920)
-- Name: sales_rep fk_salesrep_user; Type: FK CONSTRAINT; Schema: public; Owner: postgres
--

ALTER TABLE ONLY public.sales_rep
    ADD CONSTRAINT fk_salesrep_user FOREIGN KEY (userid) REFERENCES public.users(id) ON UPDATE CASCADE ON DELETE CASCADE;


--
-- TOC entry 5084 (class 2606 OID 212780)
-- Name: customer_order fk_user_order; Type: FK CONSTRAINT; Schema: public; Owner: postgres
--

ALTER TABLE ONLY public.customer_order
    ADD CONSTRAINT fk_user_order FOREIGN KEY (customerid) REFERENCES public.users(id) ON UPDATE SET NULL ON DELETE SET NULL;


--
-- TOC entry 5117 (class 2606 OID 212940)
-- Name: warehouse_manager fk_wm_user; Type: FK CONSTRAINT; Schema: public; Owner: postgres
--

ALTER TABLE ONLY public.warehouse_manager
    ADD CONSTRAINT fk_wm_user FOREIGN KEY (userid) REFERENCES public.users(id) ON UPDATE CASCADE ON DELETE CASCADE;


--
-- TOC entry 5091 (class 2606 OID 212815)
-- Name: delivery_order fkato3c9quaxyu6l0ovwftx1lyb; Type: FK CONSTRAINT; Schema: public; Owner: postgres
--

ALTER TABLE ONLY public.delivery_order
    ADD CONSTRAINT fkato3c9quaxyu6l0ovwftx1lyb FOREIGN KEY (deliveryid) REFERENCES public.delivery(deliveryid);


--
-- TOC entry 5058 (class 2606 OID 212645)
-- Name: batch fkcp1n1v74xl8kmfpbx0duubk3b; Type: FK CONSTRAINT; Schema: public; Owner: postgres
--

ALTER TABLE ONLY public.batch
    ADD CONSTRAINT fkcp1n1v74xl8kmfpbx0duubk3b FOREIGN KEY (parent_batch_type_id) REFERENCES public.parent_batch_type(id);


--
-- TOC entry 5097 (class 2606 OID 212835)
-- Name: label fkd351t3j2flivrsi7p0s2a0rgk; Type: FK CONSTRAINT; Schema: public; Owner: postgres
--

ALTER TABLE ONLY public.label
    ADD CONSTRAINT fkd351t3j2flivrsi7p0s2a0rgk FOREIGN KEY (labelid) REFERENCES public.label_type(labelid);


--
-- TOC entry 5092 (class 2606 OID 212810)
-- Name: delivery_order fkfsmbxnh3ipipbyv98ho3qdsx3; Type: FK CONSTRAINT; Schema: public; Owner: postgres
--

ALTER TABLE ONLY public.delivery_order
    ADD CONSTRAINT fkfsmbxnh3ipipbyv98ho3qdsx3 FOREIGN KEY (orderid) REFERENCES public.customer_order(orderid);


--
-- TOC entry 5108 (class 2606 OID 212895)
-- Name: recipe fkg1m8v7fkhbi3q46h4forql3f9; Type: FK CONSTRAINT; Schema: public; Owner: postgres
--

ALTER TABLE ONLY public.recipe
    ADD CONSTRAINT fkg1m8v7fkhbi3q46h4forql3f9 FOREIGN KEY (product_type_id) REFERENCES public.product_type(product_type_id);


--
-- TOC entry 5088 (class 2606 OID 212795)
-- Name: delivery fkgcmwu433eohv6qu7468ay37nj; Type: FK CONSTRAINT; Schema: public; Owner: postgres
--

ALTER TABLE ONLY public.delivery
    ADD CONSTRAINT fkgcmwu433eohv6qu7468ay37nj FOREIGN KEY (routeid) REFERENCES public.route(routeid);


--
-- TOC entry 5089 (class 2606 OID 212800)
-- Name: delivery fki7epso0jgabummbsx7i9k0efy; Type: FK CONSTRAINT; Schema: public; Owner: postgres
--

ALTER TABLE ONLY public.delivery
    ADD CONSTRAINT fki7epso0jgabummbsx7i9k0efy FOREIGN KEY (srepid) REFERENCES public.sales_rep(srepid);


--
-- TOC entry 5105 (class 2606 OID 212880)
-- Name: raw_chemical fkidcxnnfhmwajp2lqagcck2vdm; Type: FK CONSTRAINT; Schema: public; Owner: postgres
--

ALTER TABLE ONLY public.raw_chemical
    ADD CONSTRAINT fkidcxnnfhmwajp2lqagcck2vdm FOREIGN KEY (chemid) REFERENCES public.raw_chemical_type(chemid);


--
-- TOC entry 5065 (class 2606 OID 212685)
-- Name: batch_type fkie3r03fv5lcbk9idem85fxen6; Type: FK CONSTRAINT; Schema: public; Owner: postgres
--

ALTER TABLE ONLY public.batch_type
    ADD CONSTRAINT fkie3r03fv5lcbk9idem85fxen6 FOREIGN KEY (id) REFERENCES public.parent_batch_type(id);


--
-- TOC entry 5060 (class 2606 OID 212660)
-- Name: batch_inventory fkitmo94skr0l2d9e2x73jduhxs; Type: FK CONSTRAINT; Schema: public; Owner: postgres
--

ALTER TABLE ONLY public.batch_inventory
    ADD CONSTRAINT fkitmo94skr0l2d9e2x73jduhxs FOREIGN KEY (parent_batch_type_id) REFERENCES public.parent_batch_type(id);


--
-- TOC entry 5059 (class 2606 OID 212655)
-- Name: batch fkjdbny5x766kj0emvjdya9egf7; Type: FK CONSTRAINT; Schema: public; Owner: postgres
--

ALTER TABLE ONLY public.batch
    ADD CONSTRAINT fkjdbny5x766kj0emvjdya9egf7 FOREIGN KEY (wmid) REFERENCES public.warehouse_manager(wmid);


--
-- TOC entry 5061 (class 2606 OID 212665)
-- Name: batch_inventory fkk0xjik138l3gijqynw5r9lvvj; Type: FK CONSTRAINT; Schema: public; Owner: postgres
--

ALTER TABLE ONLY public.batch_inventory
    ADD CONSTRAINT fkk0xjik138l3gijqynw5r9lvvj FOREIGN KEY (inventoryid) REFERENCES public.inventory(inventoryid);


--
-- TOC entry 5114 (class 2606 OID 212930)
-- Name: supplier_rawmaterial fkktau4y1yk4shx0dbip4wtq7xw; Type: FK CONSTRAINT; Schema: public; Owner: postgres
--

ALTER TABLE ONLY public.supplier_rawmaterial
    ADD CONSTRAINT fkktau4y1yk4shx0dbip4wtq7xw FOREIGN KEY (supplierid) REFERENCES public.suppliers(supplierid);


--
-- TOC entry 5098 (class 2606 OID 212845)
-- Name: parent_batch_type fklcf1gg4dkhj3jxkpj9oxf1nvr; Type: FK CONSTRAINT; Schema: public; Owner: postgres
--

ALTER TABLE ONLY public.parent_batch_type
    ADD CONSTRAINT fklcf1gg4dkhj3jxkpj9oxf1nvr FOREIGN KEY (ptvid) REFERENCES public.product_type_volume(ptvid);


--
-- TOC entry 5112 (class 2606 OID 212910)
-- Name: recipeitem_rawchemical fklr6b519f0cnyancvi5v1w6d8l; Type: FK CONSTRAINT; Schema: public; Owner: postgres
--

ALTER TABLE ONLY public.recipeitem_rawchemical
    ADD CONSTRAINT fklr6b519f0cnyancvi5v1w6d8l FOREIGN KEY (chemid) REFERENCES public.raw_chemical_type(chemid);


--
-- TOC entry 5069 (class 2606 OID 212700)
-- Name: batch_without_box fkm79bvbw3jlxk0nygj1vwq1gcs; Type: FK CONSTRAINT; Schema: public; Owner: postgres
--

ALTER TABLE ONLY public.batch_without_box
    ADD CONSTRAINT fkm79bvbw3jlxk0nygj1vwq1gcs FOREIGN KEY (prodid) REFERENCES public.production(prodid);


--
-- TOC entry 5104 (class 2606 OID 212865)
-- Name: production fkmq6hnjyuou9j7eg1r7pkxd9em; Type: FK CONSTRAINT; Schema: public; Owner: postgres
--

ALTER TABLE ONLY public.production
    ADD CONSTRAINT fkmq6hnjyuou9j7eg1r7pkxd9em FOREIGN KEY (mixerid) REFERENCES public.mixer(mixerid);


--
-- TOC entry 5115 (class 2606 OID 212925)
-- Name: supplier_rawmaterial fknmkb93dn6a7127ga7r7tluypr; Type: FK CONSTRAINT; Schema: public; Owner: postgres
--

ALTER TABLE ONLY public.supplier_rawmaterial
    ADD CONSTRAINT fknmkb93dn6a7127ga7r7tluypr FOREIGN KEY (inventoryid) REFERENCES public.raw_material(inventoryid);


--
-- TOC entry 5090 (class 2606 OID 212805)
-- Name: delivery fknu5n6iq0ajdruxn61pkng1qr; Type: FK CONSTRAINT; Schema: public; Owner: postgres
--

ALTER TABLE ONLY public.delivery
    ADD CONSTRAINT fknu5n6iq0ajdruxn61pkng1qr FOREIGN KEY (vehicleid) REFERENCES public.vehicles(id);


--
-- TOC entry 5106 (class 2606 OID 212885)
-- Name: raw_chemical fknwpd8kqd9vuh0ybdd53qq5s4c; Type: FK CONSTRAINT; Schema: public; Owner: postgres
--

ALTER TABLE ONLY public.raw_chemical
    ADD CONSTRAINT fknwpd8kqd9vuh0ybdd53qq5s4c FOREIGN KEY (inventoryid) REFERENCES public.raw_material(inventoryid);


--
-- TOC entry 5094 (class 2606 OID 212820)
-- Name: deliverybatchinventory fko5q5vy63hkodakgrok39tjmh2; Type: FK CONSTRAINT; Schema: public; Owner: postgres
--

ALTER TABLE ONLY public.deliverybatchinventory
    ADD CONSTRAINT fko5q5vy63hkodakgrok39tjmh2 FOREIGN KEY (batchtypeid) REFERENCES public.parent_batch_type(id);


--
-- TOC entry 5076 (class 2606 OID 212740)
-- Name: box fkohcgskmwn6xqvykf50ycbgh9q; Type: FK CONSTRAINT; Schema: public; Owner: postgres
--

ALTER TABLE ONLY public.box
    ADD CONSTRAINT fkohcgskmwn6xqvykf50ycbgh9q FOREIGN KEY (inventoryid) REFERENCES public.raw_material(inventoryid);


--
-- TOC entry 5116 (class 2606 OID 212935)
-- Name: supplier_rawmaterial fkot6i0vxr6chdvy9gnwetu89us; Type: FK CONSTRAINT; Schema: public; Owner: postgres
--

ALTER TABLE ONLY public.supplier_rawmaterial
    ADD CONSTRAINT fkot6i0vxr6chdvy9gnwetu89us FOREIGN KEY (wmid) REFERENCES public.warehouse_manager(wmid);


--
-- TOC entry 5095 (class 2606 OID 212830)
-- Name: deliverybatchinventory fkp8hfpo7rs6a66bivrojr9g2po; Type: FK CONSTRAINT; Schema: public; Owner: postgres
--

ALTER TABLE ONLY public.deliverybatchinventory
    ADD CONSTRAINT fkp8hfpo7rs6a66bivrojr9g2po FOREIGN KEY (wmid) REFERENCES public.warehouse_manager(wmid);


--
-- TOC entry 5066 (class 2606 OID 212690)
-- Name: batch_type_without_box fkr51cwpi7qmb28s1mrew74kgus; Type: FK CONSTRAINT; Schema: public; Owner: postgres
--

ALTER TABLE ONLY public.batch_type_without_box
    ADD CONSTRAINT fkr51cwpi7qmb28s1mrew74kgus FOREIGN KEY (id) REFERENCES public.parent_batch_type(id);


--
-- TOC entry 5063 (class 2606 OID 212670)
-- Name: batch_inventory_without_box fks62fbjebvpnn909dyq49k9ref; Type: FK CONSTRAINT; Schema: public; Owner: postgres
--

ALTER TABLE ONLY public.batch_inventory_without_box
    ADD CONSTRAINT fks62fbjebvpnn909dyq49k9ref FOREIGN KEY (parent_batch_type_id) REFERENCES public.parent_batch_type(id);


-- Completed on 2025-10-20 15:12:03

--
-- PostgreSQL database dump complete
--

