--
-- PostgreSQL database dump
--

-- Dumped from database version 17.4
-- Dumped by pg_dump version 17.4

-- Started on 2025-07-13 09:31:54

SET statement_timeout = 0;
SET lock_timeout = 0;
SET idle_in_transaction_session_timeout = 0;
SET transaction_timeout = 0;
SET client_encoding = 'UTF8';
SET standard_conforming_strings = on;
SELECT pg_catalog.set_config('search_path', '', false);
SET check_function_bodies = false;
SET xmloption = content;
SET client_min_messages = warning;
SET row_security = off;

SET default_tablespace = '';

SET default_table_access_method = heap;

--
-- TOC entry 218 (class 1259 OID 98605)
-- Name: announcement; Type: TABLE; Schema: public; Owner: postgres
--

CREATE TABLE public.announcement (
    announcementid bigint NOT NULL,
    date_time timestamp(6) without time zone NOT NULL,
    message character varying(255) NOT NULL
);


ALTER TABLE public.announcement OWNER TO postgres;

--
-- TOC entry 217 (class 1259 OID 98604)
-- Name: announcement_announcementid_seq; Type: SEQUENCE; Schema: public; Owner: postgres
--

ALTER TABLE public.announcement ALTER COLUMN announcementid ADD GENERATED BY DEFAULT AS IDENTITY (
    SEQUENCE NAME public.announcement_announcementid_seq
    START WITH 1
    INCREMENT BY 1
    NO MINVALUE
    NO MAXVALUE
    CACHE 1
);


--
-- TOC entry 220 (class 1259 OID 98611)
-- Name: batch; Type: TABLE; Schema: public; Owner: postgres
--

CREATE TABLE public.batch (
    batchid bigint NOT NULL,
    batchdate timestamp(6) without time zone,
    quantity integer NOT NULL,
    status character varying(255),
    batchtypeid bigint NOT NULL,
    inventoryid bigint NOT NULL,
    prodid bigint NOT NULL,
    wmid bigint NOT NULL
);


ALTER TABLE public.batch OWNER TO postgres;

--
-- TOC entry 219 (class 1259 OID 98610)
-- Name: batch_batchid_seq; Type: SEQUENCE; Schema: public; Owner: postgres
--

ALTER TABLE public.batch ALTER COLUMN batchid ADD GENERATED BY DEFAULT AS IDENTITY (
    SEQUENCE NAME public.batch_batchid_seq
    START WITH 1
    INCREMENT BY 1
    NO MINVALUE
    NO MAXVALUE
    CACHE 1
);


--
-- TOC entry 221 (class 1259 OID 98616)
-- Name: batch_inventory; Type: TABLE; Schema: public; Owner: postgres
--

CREATE TABLE public.batch_inventory (
    batch_quantity integer NOT NULL,
    inventoryid bigint NOT NULL,
    batchtypeid bigint NOT NULL
);


ALTER TABLE public.batch_inventory OWNER TO postgres;

--
-- TOC entry 223 (class 1259 OID 98622)
-- Name: batch_type; Type: TABLE; Schema: public; Owner: postgres
--

CREATE TABLE public.batch_type (
    batchtypeid bigint NOT NULL,
    batchtypename character varying(255),
    boxid bigint NOT NULL,
    ptvid bigint NOT NULL
);


ALTER TABLE public.batch_type OWNER TO postgres;

--
-- TOC entry 222 (class 1259 OID 98621)
-- Name: batch_type_batchtypeid_seq; Type: SEQUENCE; Schema: public; Owner: postgres
--

ALTER TABLE public.batch_type ALTER COLUMN batchtypeid ADD GENERATED BY DEFAULT AS IDENTITY (
    SEQUENCE NAME public.batch_type_batchtypeid_seq
    START WITH 1
    INCREMENT BY 1
    NO MINVALUE
    NO MAXVALUE
    CACHE 1
);


--
-- TOC entry 225 (class 1259 OID 98628)
-- Name: bill; Type: TABLE; Schema: public; Owner: postgres
--

CREATE TABLE public.bill (
    billid bigint NOT NULL,
    datetime timestamp(6) without time zone,
    total bigint,
    srepid bigint NOT NULL
);


ALTER TABLE public.bill OWNER TO postgres;

--
-- TOC entry 224 (class 1259 OID 98627)
-- Name: bill_billid_seq; Type: SEQUENCE; Schema: public; Owner: postgres
--

ALTER TABLE public.bill ALTER COLUMN billid ADD GENERATED BY DEFAULT AS IDENTITY (
    SEQUENCE NAME public.bill_billid_seq
    START WITH 1
    INCREMENT BY 1
    NO MINVALUE
    NO MAXVALUE
    CACHE 1
);


--
-- TOC entry 227 (class 1259 OID 98634)
-- Name: bill_item; Type: TABLE; Schema: public; Owner: postgres
--

CREATE TABLE public.bill_item (
    billitemid bigint NOT NULL,
    quantity bigint,
    total bigint,
    cbillid bigint NOT NULL,
    ptvid bigint
);


ALTER TABLE public.bill_item OWNER TO postgres;

--
-- TOC entry 226 (class 1259 OID 98633)
-- Name: bill_item_billitemid_seq; Type: SEQUENCE; Schema: public; Owner: postgres
--

ALTER TABLE public.bill_item ALTER COLUMN billitemid ADD GENERATED BY DEFAULT AS IDENTITY (
    SEQUENCE NAME public.bill_item_billitemid_seq
    START WITH 1
    INCREMENT BY 1
    NO MINVALUE
    NO MAXVALUE
    CACHE 1
);


--
-- TOC entry 228 (class 1259 OID 98639)
-- Name: bottle; Type: TABLE; Schema: public; Owner: postgres
--

CREATE TABLE public.bottle (
    quantity integer NOT NULL,
    inventoryid bigint NOT NULL,
    bottleid bigint NOT NULL
);


ALTER TABLE public.bottle OWNER TO postgres;

--
-- TOC entry 230 (class 1259 OID 98645)
-- Name: bottle_type; Type: TABLE; Schema: public; Owner: postgres
--

CREATE TABLE public.bottle_type (
    bottleid bigint NOT NULL,
    name character varying(255),
    volume character varying(255)
);


ALTER TABLE public.bottle_type OWNER TO postgres;

--
-- TOC entry 229 (class 1259 OID 98644)
-- Name: bottle_type_bottleid_seq; Type: SEQUENCE; Schema: public; Owner: postgres
--

ALTER TABLE public.bottle_type ALTER COLUMN bottleid ADD GENERATED BY DEFAULT AS IDENTITY (
    SEQUENCE NAME public.bottle_type_bottleid_seq
    START WITH 1
    INCREMENT BY 1
    NO MINVALUE
    NO MAXVALUE
    CACHE 1
);


--
-- TOC entry 231 (class 1259 OID 98652)
-- Name: box; Type: TABLE; Schema: public; Owner: postgres
--

CREATE TABLE public.box (
    quantity integer NOT NULL,
    inventoryid bigint NOT NULL,
    boxid bigint NOT NULL
);


ALTER TABLE public.box OWNER TO postgres;

--
-- TOC entry 233 (class 1259 OID 98658)
-- Name: box_type; Type: TABLE; Schema: public; Owner: postgres
--

CREATE TABLE public.box_type (
    boxid bigint NOT NULL,
    name character varying(255),
    quantity_in_box integer
);


ALTER TABLE public.box_type OWNER TO postgres;

--
-- TOC entry 232 (class 1259 OID 98657)
-- Name: box_type_boxid_seq; Type: SEQUENCE; Schema: public; Owner: postgres
--

ALTER TABLE public.box_type ALTER COLUMN boxid ADD GENERATED BY DEFAULT AS IDENTITY (
    SEQUENCE NAME public.box_type_boxid_seq
    START WITH 1
    INCREMENT BY 1
    NO MINVALUE
    NO MAXVALUE
    CACHE 1
);


--
-- TOC entry 234 (class 1259 OID 98663)
-- Name: chemical_usage; Type: TABLE; Schema: public; Owner: postgres
--

CREATE TABLE public.chemical_usage (
    quantity double precision,
    inventoryid bigint NOT NULL,
    prodid bigint NOT NULL
);


ALTER TABLE public.chemical_usage OWNER TO postgres;

--
-- TOC entry 236 (class 1259 OID 98669)
-- Name: customer; Type: TABLE; Schema: public; Owner: postgres
--

CREATE TABLE public.customer (
    customerid bigint NOT NULL,
    shop_name character varying(255),
    routeid bigint,
    srepid bigint,
    userid bigint
);


ALTER TABLE public.customer OWNER TO postgres;

--
-- TOC entry 238 (class 1259 OID 98675)
-- Name: customer_bill; Type: TABLE; Schema: public; Owner: postgres
--

CREATE TABLE public.customer_bill (
    cbillid bigint NOT NULL,
    address character varying(255),
    phone character varying(255),
    shop_name character varying(255),
    billid bigint NOT NULL
);


ALTER TABLE public.customer_bill OWNER TO postgres;

--
-- TOC entry 237 (class 1259 OID 98674)
-- Name: customer_bill_cbillid_seq; Type: SEQUENCE; Schema: public; Owner: postgres
--

ALTER TABLE public.customer_bill ALTER COLUMN cbillid ADD GENERATED BY DEFAULT AS IDENTITY (
    SEQUENCE NAME public.customer_bill_cbillid_seq
    START WITH 1
    INCREMENT BY 1
    NO MINVALUE
    NO MAXVALUE
    CACHE 1
);


--
-- TOC entry 235 (class 1259 OID 98668)
-- Name: customer_customerid_seq; Type: SEQUENCE; Schema: public; Owner: postgres
--

ALTER TABLE public.customer ALTER COLUMN customerid ADD GENERATED BY DEFAULT AS IDENTITY (
    SEQUENCE NAME public.customer_customerid_seq
    START WITH 1
    INCREMENT BY 1
    NO MINVALUE
    NO MAXVALUE
    CACHE 1
);


--
-- TOC entry 240 (class 1259 OID 98683)
-- Name: customer_order; Type: TABLE; Schema: public; Owner: postgres
--

CREATE TABLE public.customer_order (
    orderid bigint NOT NULL,
    delivered_date timestamp(6) without time zone,
    status character varying(255),
    total numeric(38,2),
    customerid bigint
);


ALTER TABLE public.customer_order OWNER TO postgres;

--
-- TOC entry 242 (class 1259 OID 98689)
-- Name: customer_order_item; Type: TABLE; Schema: public; Owner: postgres
--

CREATE TABLE public.customer_order_item (
    orderitemid bigint NOT NULL,
    product_total numeric(38,2),
    quantity bigint,
    orderid bigint,
    ptvid bigint
);


ALTER TABLE public.customer_order_item OWNER TO postgres;

--
-- TOC entry 241 (class 1259 OID 98688)
-- Name: customer_order_item_orderitemid_seq; Type: SEQUENCE; Schema: public; Owner: postgres
--

ALTER TABLE public.customer_order_item ALTER COLUMN orderitemid ADD GENERATED BY DEFAULT AS IDENTITY (
    SEQUENCE NAME public.customer_order_item_orderitemid_seq
    START WITH 1
    INCREMENT BY 1
    NO MINVALUE
    NO MAXVALUE
    CACHE 1
);


--
-- TOC entry 239 (class 1259 OID 98682)
-- Name: customer_order_orderid_seq; Type: SEQUENCE; Schema: public; Owner: postgres
--

ALTER TABLE public.customer_order ALTER COLUMN orderid ADD GENERATED BY DEFAULT AS IDENTITY (
    SEQUENCE NAME public.customer_order_orderid_seq
    START WITH 1
    INCREMENT BY 1
    NO MINVALUE
    NO MAXVALUE
    CACHE 1
);


--
-- TOC entry 244 (class 1259 OID 98695)
-- Name: damage_report; Type: TABLE; Schema: public; Owner: postgres
--

CREATE TABLE public.damage_report (
    id bigint NOT NULL,
    damage_date date,
    damage_item character varying(255),
    description character varying(255),
    image_url character varying(255),
    report_date date,
    reported_user character varying(255),
    source_type character varying(255),
    status character varying(255)
);


ALTER TABLE public.damage_report OWNER TO postgres;

--
-- TOC entry 243 (class 1259 OID 98694)
-- Name: damage_report_id_seq; Type: SEQUENCE; Schema: public; Owner: postgres
--

ALTER TABLE public.damage_report ALTER COLUMN id ADD GENERATED BY DEFAULT AS IDENTITY (
    SEQUENCE NAME public.damage_report_id_seq
    START WITH 1
    INCREMENT BY 1
    NO MINVALUE
    NO MAXVALUE
    CACHE 1
);


--
-- TOC entry 246 (class 1259 OID 98703)
-- Name: inventory; Type: TABLE; Schema: public; Owner: postgres
--

CREATE TABLE public.inventory (
    inventoryid bigint NOT NULL,
    location character varying(255)
);


ALTER TABLE public.inventory OWNER TO postgres;

--
-- TOC entry 245 (class 1259 OID 98702)
-- Name: inventory_inventoryid_seq; Type: SEQUENCE; Schema: public; Owner: postgres
--

ALTER TABLE public.inventory ALTER COLUMN inventoryid ADD GENERATED BY DEFAULT AS IDENTITY (
    SEQUENCE NAME public.inventory_inventoryid_seq
    START WITH 1
    INCREMENT BY 1
    NO MINVALUE
    NO MAXVALUE
    CACHE 1
);


--
-- TOC entry 247 (class 1259 OID 98708)
-- Name: label; Type: TABLE; Schema: public; Owner: postgres
--

CREATE TABLE public.label (
    quantity integer NOT NULL,
    inventoryid bigint NOT NULL,
    labelid bigint NOT NULL
);


ALTER TABLE public.label OWNER TO postgres;

--
-- TOC entry 249 (class 1259 OID 98714)
-- Name: label_type; Type: TABLE; Schema: public; Owner: postgres
--

CREATE TABLE public.label_type (
    labelid bigint NOT NULL,
    name character varying(255) NOT NULL,
    volume character varying(255)
);


ALTER TABLE public.label_type OWNER TO postgres;

--
-- TOC entry 248 (class 1259 OID 98713)
-- Name: label_type_labelid_seq; Type: SEQUENCE; Schema: public; Owner: postgres
--

ALTER TABLE public.label_type ALTER COLUMN labelid ADD GENERATED BY DEFAULT AS IDENTITY (
    SEQUENCE NAME public.label_type_labelid_seq
    START WITH 1
    INCREMENT BY 1
    NO MINVALUE
    NO MAXVALUE
    CACHE 1
);


--
-- TOC entry 251 (class 1259 OID 98722)
-- Name: mixer; Type: TABLE; Schema: public; Owner: postgres
--

CREATE TABLE public.mixer (
    mixerid bigint NOT NULL,
    availability integer NOT NULL,
    capacity bigint NOT NULL,
    name character varying(255),
    product_type_id bigint NOT NULL
);


ALTER TABLE public.mixer OWNER TO postgres;

--
-- TOC entry 250 (class 1259 OID 98721)
-- Name: mixer_mixerid_seq; Type: SEQUENCE; Schema: public; Owner: postgres
--

ALTER TABLE public.mixer ALTER COLUMN mixerid ADD GENERATED BY DEFAULT AS IDENTITY (
    SEQUENCE NAME public.mixer_mixerid_seq
    START WITH 1
    INCREMENT BY 1
    NO MINVALUE
    NO MAXVALUE
    CACHE 1
);


--
-- TOC entry 257 (class 1259 OID 98742)
-- Name: product_type; Type: TABLE; Schema: public; Owner: postgres
--

CREATE TABLE public.product_type (
    product_type_id bigint NOT NULL,
    details character varying(255),
    name character varying(255)
);


ALTER TABLE public.product_type OWNER TO postgres;

--
-- TOC entry 256 (class 1259 OID 98741)
-- Name: product_type_product_type_id_seq; Type: SEQUENCE; Schema: public; Owner: postgres
--

ALTER TABLE public.product_type ALTER COLUMN product_type_id ADD GENERATED BY DEFAULT AS IDENTITY (
    SEQUENCE NAME public.product_type_product_type_id_seq
    START WITH 1
    INCREMENT BY 1
    NO MINVALUE
    NO MAXVALUE
    CACHE 1
);


--
-- TOC entry 253 (class 1259 OID 98728)
-- Name: product_type_volume; Type: TABLE; Schema: public; Owner: postgres
--

CREATE TABLE public.product_type_volume (
    ptvid bigint NOT NULL,
    unitprice numeric(38,2),
    category character varying(255),
    image character varying(255),
    name character varying(255),
    volume bigint,
    bottleid bigint NOT NULL,
    labelid bigint NOT NULL,
    ptid bigint NOT NULL
);


ALTER TABLE public.product_type_volume OWNER TO postgres;

--
-- TOC entry 252 (class 1259 OID 98727)
-- Name: product_type_volume_ptvid_seq; Type: SEQUENCE; Schema: public; Owner: postgres
--

ALTER TABLE public.product_type_volume ALTER COLUMN ptvid ADD GENERATED BY DEFAULT AS IDENTITY (
    SEQUENCE NAME public.product_type_volume_ptvid_seq
    START WITH 1
    INCREMENT BY 1
    NO MINVALUE
    NO MAXVALUE
    CACHE 1
);


--
-- TOC entry 255 (class 1259 OID 98736)
-- Name: production; Type: TABLE; Schema: public; Owner: postgres
--

CREATE TABLE public.production (
    prodid bigint NOT NULL,
    currentvolume double precision,
    date timestamp(6) without time zone,
    expiredate timestamp(6) without time zone,
    status character varying(255),
    volume double precision,
    mixerid bigint NOT NULL,
    ptid bigint NOT NULL,
    wmid bigint NOT NULL
);


ALTER TABLE public.production OWNER TO postgres;

--
-- TOC entry 254 (class 1259 OID 98735)
-- Name: production_prodid_seq; Type: SEQUENCE; Schema: public; Owner: postgres
--

ALTER TABLE public.production ALTER COLUMN prodid ADD GENERATED BY DEFAULT AS IDENTITY (
    SEQUENCE NAME public.production_prodid_seq
    START WITH 1
    INCREMENT BY 1
    NO MINVALUE
    NO MAXVALUE
    CACHE 1
);


--
-- TOC entry 258 (class 1259 OID 98749)
-- Name: raw_chemical; Type: TABLE; Schema: public; Owner: postgres
--

CREATE TABLE public.raw_chemical (
    volume double precision NOT NULL,
    inventoryid bigint NOT NULL,
    chemid bigint NOT NULL
);


ALTER TABLE public.raw_chemical OWNER TO postgres;

--
-- TOC entry 260 (class 1259 OID 98755)
-- Name: raw_chemical_type; Type: TABLE; Schema: public; Owner: postgres
--

CREATE TABLE public.raw_chemical_type (
    chemid bigint NOT NULL,
    description character varying(255),
    name character varying(255),
    type character varying(255)
);


ALTER TABLE public.raw_chemical_type OWNER TO postgres;

--
-- TOC entry 259 (class 1259 OID 98754)
-- Name: raw_chemical_type_chemid_seq; Type: SEQUENCE; Schema: public; Owner: postgres
--

ALTER TABLE public.raw_chemical_type ALTER COLUMN chemid ADD GENERATED BY DEFAULT AS IDENTITY (
    SEQUENCE NAME public.raw_chemical_type_chemid_seq
    START WITH 1
    INCREMENT BY 1
    NO MINVALUE
    NO MAXVALUE
    CACHE 1
);


--
-- TOC entry 261 (class 1259 OID 98762)
-- Name: raw_material; Type: TABLE; Schema: public; Owner: postgres
--

CREATE TABLE public.raw_material (
    inventoryid bigint NOT NULL
);


ALTER TABLE public.raw_material OWNER TO postgres;

--
-- TOC entry 263 (class 1259 OID 98768)
-- Name: recipe; Type: TABLE; Schema: public; Owner: postgres
--

CREATE TABLE public.recipe (
    recipeid bigint NOT NULL,
    recipe_name character varying(255),
    mixerid bigint NOT NULL
);


ALTER TABLE public.recipe OWNER TO postgres;

--
-- TOC entry 265 (class 1259 OID 98774)
-- Name: recipe_item; Type: TABLE; Schema: public; Owner: postgres
--

CREATE TABLE public.recipe_item (
    recipeitemid bigint NOT NULL,
    quantity double precision,
    unit character varying(255),
    chemid bigint NOT NULL,
    recipeid bigint NOT NULL
);


ALTER TABLE public.recipe_item OWNER TO postgres;

--
-- TOC entry 264 (class 1259 OID 98773)
-- Name: recipe_item_recipeitemid_seq; Type: SEQUENCE; Schema: public; Owner: postgres
--

ALTER TABLE public.recipe_item ALTER COLUMN recipeitemid ADD GENERATED BY DEFAULT AS IDENTITY (
    SEQUENCE NAME public.recipe_item_recipeitemid_seq
    START WITH 1
    INCREMENT BY 1
    NO MINVALUE
    NO MAXVALUE
    CACHE 1
);


--
-- TOC entry 262 (class 1259 OID 98767)
-- Name: recipe_recipeid_seq; Type: SEQUENCE; Schema: public; Owner: postgres
--

ALTER TABLE public.recipe ALTER COLUMN recipeid ADD GENERATED BY DEFAULT AS IDENTITY (
    SEQUENCE NAME public.recipe_recipeid_seq
    START WITH 1
    INCREMENT BY 1
    NO MINVALUE
    NO MAXVALUE
    CACHE 1
);


--
-- TOC entry 266 (class 1259 OID 98779)
-- Name: recipeitem_rawchemical; Type: TABLE; Schema: public; Owner: postgres
--

CREATE TABLE public.recipeitem_rawchemical (
    chemid bigint NOT NULL,
    recipeitemid bigint NOT NULL
);


ALTER TABLE public.recipeitem_rawchemical OWNER TO postgres;

--
-- TOC entry 268 (class 1259 OID 98785)
-- Name: route; Type: TABLE; Schema: public; Owner: postgres
--

CREATE TABLE public.route (
    routeid bigint NOT NULL,
    district character varying(255)
);


ALTER TABLE public.route OWNER TO postgres;

--
-- TOC entry 267 (class 1259 OID 98784)
-- Name: route_routeid_seq; Type: SEQUENCE; Schema: public; Owner: postgres
--

ALTER TABLE public.route ALTER COLUMN routeid ADD GENERATED BY DEFAULT AS IDENTITY (
    SEQUENCE NAME public.route_routeid_seq
    START WITH 1
    INCREMENT BY 1
    NO MINVALUE
    NO MAXVALUE
    CACHE 1
);


--
-- TOC entry 270 (class 1259 OID 98791)
-- Name: sales_rep; Type: TABLE; Schema: public; Owner: postgres
--

CREATE TABLE public.sales_rep (
    srepid bigint NOT NULL,
    userid bigint
);


ALTER TABLE public.sales_rep OWNER TO postgres;

--
-- TOC entry 269 (class 1259 OID 98790)
-- Name: sales_rep_srepid_seq; Type: SEQUENCE; Schema: public; Owner: postgres
--

ALTER TABLE public.sales_rep ALTER COLUMN srepid ADD GENERATED BY DEFAULT AS IDENTITY (
    SEQUENCE NAME public.sales_rep_srepid_seq
    START WITH 1
    INCREMENT BY 1
    NO MINVALUE
    NO MAXVALUE
    CACHE 1
);


--
-- TOC entry 271 (class 1259 OID 98796)
-- Name: supplier_rawmaterial; Type: TABLE; Schema: public; Owner: postgres
--

CREATE TABLE public.supplier_rawmaterial (
    date timestamp(6) without time zone NOT NULL,
    inventoryid bigint NOT NULL,
    supplierid bigint NOT NULL,
    current_quantity integer,
    exp_date date,
    quantity integer,
    total_price double precision,
    unit_price double precision,
    wmid bigint
);


ALTER TABLE public.supplier_rawmaterial OWNER TO postgres;

--
-- TOC entry 273 (class 1259 OID 98802)
-- Name: suppliers; Type: TABLE; Schema: public; Owner: postgres
--

CREATE TABLE public.suppliers (
    supplierid bigint NOT NULL,
    address character varying(255),
    br_id character varying(255),
    email character varying(255),
    first_name character varying(255),
    last_name character varying(255),
    phone character varying(255),
    status character varying(255),
    supplier_type character varying(255)
);


ALTER TABLE public.suppliers OWNER TO postgres;

--
-- TOC entry 272 (class 1259 OID 98801)
-- Name: suppliers_supplierid_seq; Type: SEQUENCE; Schema: public; Owner: postgres
--

ALTER TABLE public.suppliers ALTER COLUMN supplierid ADD GENERATED BY DEFAULT AS IDENTITY (
    SEQUENCE NAME public.suppliers_supplierid_seq
    START WITH 1
    INCREMENT BY 1
    NO MINVALUE
    NO MAXVALUE
    CACHE 1
);


--
-- TOC entry 275 (class 1259 OID 98810)
-- Name: users; Type: TABLE; Schema: public; Owner: postgres
--

CREATE TABLE public.users (
    id bigint NOT NULL,
    address character varying(255),
    email character varying(255),
    fname character varying(255),
    lname character varying(255),
    nic character varying(255),
    password character varying(255),
    phone character varying(255),
    role character varying(255),
    status character varying(255)
);


ALTER TABLE public.users OWNER TO postgres;

--
-- TOC entry 274 (class 1259 OID 98809)
-- Name: users_id_seq; Type: SEQUENCE; Schema: public; Owner: postgres
--

ALTER TABLE public.users ALTER COLUMN id ADD GENERATED BY DEFAULT AS IDENTITY (
    SEQUENCE NAME public.users_id_seq
    START WITH 1
    INCREMENT BY 1
    NO MINVALUE
    NO MAXVALUE
    CACHE 1
);


--
-- TOC entry 277 (class 1259 OID 98818)
-- Name: vehicles; Type: TABLE; Schema: public; Owner: postgres
--

CREATE TABLE public.vehicles (
    id bigint NOT NULL,
    capacity character varying(255),
    vehicle_no character varying(255),
    vehicle_type character varying(255)
);


ALTER TABLE public.vehicles OWNER TO postgres;

--
-- TOC entry 276 (class 1259 OID 98817)
-- Name: vehicles_id_seq; Type: SEQUENCE; Schema: public; Owner: postgres
--

ALTER TABLE public.vehicles ALTER COLUMN id ADD GENERATED BY DEFAULT AS IDENTITY (
    SEQUENCE NAME public.vehicles_id_seq
    START WITH 1
    INCREMENT BY 1
    NO MINVALUE
    NO MAXVALUE
    CACHE 1
);


--
-- TOC entry 279 (class 1259 OID 98826)
-- Name: warehouse_manager; Type: TABLE; Schema: public; Owner: postgres
--

CREATE TABLE public.warehouse_manager (
    wmid bigint NOT NULL,
    userid bigint
);


ALTER TABLE public.warehouse_manager OWNER TO postgres;

--
-- TOC entry 278 (class 1259 OID 98825)
-- Name: warehouse_manager_wmid_seq; Type: SEQUENCE; Schema: public; Owner: postgres
--

ALTER TABLE public.warehouse_manager ALTER COLUMN wmid ADD GENERATED BY DEFAULT AS IDENTITY (
    SEQUENCE NAME public.warehouse_manager_wmid_seq
    START WITH 1
    INCREMENT BY 1
    NO MINVALUE
    NO MAXVALUE
    CACHE 1
);


--
-- TOC entry 5194 (class 0 OID 98605)
-- Dependencies: 218
-- Data for Name: announcement; Type: TABLE DATA; Schema: public; Owner: postgres
--

COPY public.announcement (announcementid, date_time, message) FROM stdin;
1	2025-07-12 20:25:02.177623	System maintenance scheduled on July 15 at 10:00 PM
2	2025-07-12 20:25:08.642429	New batch of raw materials arriving on July 14\t
3	2025-07-12 20:25:20.920712	Monthly audit starts next Monday\t
\.


--
-- TOC entry 5196 (class 0 OID 98611)
-- Dependencies: 220
-- Data for Name: batch; Type: TABLE DATA; Schema: public; Owner: postgres
--

COPY public.batch (batchid, batchdate, quantity, status, batchtypeid, inventoryid, prodid, wmid) FROM stdin;
42	2025-07-13 03:24:59.267	1	pending	6	16	7	1
43	2025-07-13 03:25:25.582	3	confirmed	10	17	10	1
\.


--
-- TOC entry 5197 (class 0 OID 98616)
-- Dependencies: 221
-- Data for Name: batch_inventory; Type: TABLE DATA; Schema: public; Owner: postgres
--

COPY public.batch_inventory (batch_quantity, inventoryid, batchtypeid) FROM stdin;
0	25	1
0	26	2
0	29	5
0	33	9
0	27	3
0	28	4
0	31	7
0	32	8
0	30	6
3	34	10
\.


--
-- TOC entry 5199 (class 0 OID 98622)
-- Dependencies: 223
-- Data for Name: batch_type; Type: TABLE DATA; Schema: public; Owner: postgres
--

COPY public.batch_type (batchtypeid, batchtypename, boxid, ptvid) FROM stdin;
2	Dettol	2	1
3	Dettol	1	2
1	Dettol	2	2
4	Harpic	1	3
5	Harpic	2	3
6	Dettol	1	1
7	Domex	1	4
8	Demox	2	4
9	Lysol	1	5
10	Lysol	2	5
\.


--
-- TOC entry 5201 (class 0 OID 98628)
-- Dependencies: 225
-- Data for Name: bill; Type: TABLE DATA; Schema: public; Owner: postgres
--

COPY public.bill (billid, datetime, total, srepid) FROM stdin;
1	2025-07-12 21:54:37.901	50000	1
\.


--
-- TOC entry 5203 (class 0 OID 98634)
-- Dependencies: 227
-- Data for Name: bill_item; Type: TABLE DATA; Schema: public; Owner: postgres
--

COPY public.bill_item (billitemid, quantity, total, cbillid, ptvid) FROM stdin;
1	10	5000	1	1
2	10	9000	1	2
3	10	36000	1	5
\.


--
-- TOC entry 5204 (class 0 OID 98639)
-- Dependencies: 228
-- Data for Name: bottle; Type: TABLE DATA; Schema: public; Owner: postgres
--

COPY public.bottle (quantity, inventoryid, bottleid) FROM stdin;
10000	12	2
10000	13	3
10000	14	4
9970	11	1
9925	15	5
\.


--
-- TOC entry 5206 (class 0 OID 98645)
-- Dependencies: 230
-- Data for Name: bottle_type; Type: TABLE DATA; Schema: public; Owner: postgres
--

COPY public.bottle_type (bottleid, name, volume) FROM stdin;
5	Jerry Can\t	5000
2	Plastic Bottle Med	500
1	Plastic Bottle Small	250
4	Plastic Bottle Large	750
3	Plastic Bottle Extra Large	1000
\.


--
-- TOC entry 5207 (class 0 OID 98652)
-- Dependencies: 231
-- Data for Name: box; Type: TABLE DATA; Schema: public; Owner: postgres
--

COPY public.box (quantity, inventoryid, boxid) FROM stdin;
1497	16	1
997	17	2
\.


--
-- TOC entry 5209 (class 0 OID 98658)
-- Dependencies: 233
-- Data for Name: box_type; Type: TABLE DATA; Schema: public; Owner: postgres
--

COPY public.box_type (boxid, name, quantity_in_box) FROM stdin;
1	Small Box	10
2	Medium Box\t	25
\.


--
-- TOC entry 5210 (class 0 OID 98663)
-- Dependencies: 234
-- Data for Name: chemical_usage; Type: TABLE DATA; Schema: public; Owner: postgres
--

COPY public.chemical_usage (quantity, inventoryid, prodid) FROM stdin;
\.


--
-- TOC entry 5212 (class 0 OID 98669)
-- Dependencies: 236
-- Data for Name: customer; Type: TABLE DATA; Schema: public; Owner: postgres
--

COPY public.customer (customerid, shop_name, routeid, srepid, userid) FROM stdin;
1	Lochana shop	11	1	4
\.


--
-- TOC entry 5214 (class 0 OID 98675)
-- Dependencies: 238
-- Data for Name: customer_bill; Type: TABLE DATA; Schema: public; Owner: postgres
--

COPY public.customer_bill (cbillid, address, phone, shop_name, billid) FROM stdin;
1	Kandy	0751234564	New Shop	1
\.


--
-- TOC entry 5216 (class 0 OID 98683)
-- Dependencies: 240
-- Data for Name: customer_order; Type: TABLE DATA; Schema: public; Owner: postgres
--

COPY public.customer_order (orderid, delivered_date, status, total, customerid) FROM stdin;
1	2025-07-12 21:58:52.659	accepted	9000.00	4
\.


--
-- TOC entry 5218 (class 0 OID 98689)
-- Dependencies: 242
-- Data for Name: customer_order_item; Type: TABLE DATA; Schema: public; Owner: postgres
--

COPY public.customer_order_item (orderitemid, product_total, quantity, orderid, ptvid) FROM stdin;
1	5000.00	10	1	1
2	4000.00	5	1	3
\.


--
-- TOC entry 5220 (class 0 OID 98695)
-- Dependencies: 244
-- Data for Name: damage_report; Type: TABLE DATA; Schema: public; Owner: postgres
--

COPY public.damage_report (id, damage_date, damage_item, description, image_url, report_date, reported_user, source_type, status) FROM stdin;
1	2025-07-24	\N	Sodium Chloride\t	\N	2025-07-12	2	chemicaltype	pending
\.


--
-- TOC entry 5222 (class 0 OID 98703)
-- Dependencies: 246
-- Data for Name: inventory; Type: TABLE DATA; Schema: public; Owner: postgres
--

COPY public.inventory (inventoryid, location) FROM stdin;
1	Default Warehouse
2	Default Warehouse
3	Default Warehouse
4	Default Warehouse
5	Default Warehouse
6	Default Warehouse
7	Default Warehouse
8	Default Warehouse
9	Default Warehouse
10	Default Warehouse
11	Default Warehouse
12	Default Warehouse
13	Default Warehouse
14	Default Warehouse
15	Default Warehouse
16	Default Warehouse
17	Default Warehouse
18	Default Warehouse
19	Default Warehouse
20	Default Warehouse
21	Default Warehouse
22	Default Warehouse
23	Default Warehouse
24	Default Warehouse
25	Default Warehouse
26	Default Warehouse
27	Default Warehouse
28	Default Warehouse
29	Default Warehouse
30	Default Warehouse
31	Default Warehouse
32	Default Warehouse
33	Default Warehouse
34	Default Warehouse
\.


--
-- TOC entry 5223 (class 0 OID 98708)
-- Dependencies: 247
-- Data for Name: label; Type: TABLE DATA; Schema: public; Owner: postgres
--

COPY public.label (quantity, inventoryid, labelid) FROM stdin;
10000	21	2
11000	23	4
10000	22	3
9970	20	1
9925	24	5
\.


--
-- TOC entry 5225 (class 0 OID 98714)
-- Dependencies: 249
-- Data for Name: label_type; Type: TABLE DATA; Schema: public; Owner: postgres
--

COPY public.label_type (labelid, name, volume) FROM stdin;
1	Small label	250
2	Medium label	500
3	Large label	750
4	Extra Large label	1000
5	Jumbo label	5000
\.


--
-- TOC entry 5227 (class 0 OID 98722)
-- Dependencies: 251
-- Data for Name: mixer; Type: TABLE DATA; Schema: public; Owner: postgres
--

COPY public.mixer (mixerid, availability, capacity, name, product_type_id) FROM stdin;
3	1	125000	Dettol Mixer	1
7	1	187500	Harpic Mixer	2
12	1	500000	Lysol Mixer	3
1	1	250000	Dettol Mixer	1
9	1	200000	Domex Mixer	4
4	0	500000	Dettol Mixer	1
2	1	625000	Dettol Mixer	1
6	1	750000	Harpic Mixer	2
13	1	1250000	Lysol Mixer	3
10	1	250000	Domex Mixer	4
\.


--
-- TOC entry 5233 (class 0 OID 98742)
-- Dependencies: 257
-- Data for Name: product_type; Type: TABLE DATA; Schema: public; Owner: postgres
--

COPY public.product_type (product_type_id, details, name) FROM stdin;
1	Antiseptic liquid for disinfection	Dettol
2	Toilet cleaner and disinfectant	Harpic
3	Surface cleaner and disinfectant	Lysol
4	Bleach-based bathroom cleaner	Domex
\.


--
-- TOC entry 5229 (class 0 OID 98728)
-- Dependencies: 253
-- Data for Name: product_type_volume; Type: TABLE DATA; Schema: public; Owner: postgres
--

COPY public.product_type_volume (ptvid, unitprice, category, image, name, volume, bottleid, labelid, ptid) FROM stdin;
1	500.00	Antiseptic	Dettol_Small_bottle_1752333880795.png	Dettol-Small bottle	250	1	1	1
2	900.00	Antiseptic	Dettole_medium_500_1752333809943.jpg	Dettol-medium Bottle	500	2	2	1
3	800.00	Toilet Cleaner	Harpic__Large_bottle_1752334212452.jpeg	Harpic- Large bottle	750	4	3	2
4	950.00	Bleach Cleaner	Domex_Large_Bottle_1752334320494.jpeg	Domex-Large Bottle	1000	3	4	4
5	3600.00	Surface Disinfectant	Lysol_1752334413288.jpeg	Lysol	5000	5	5	3
\.


--
-- TOC entry 5231 (class 0 OID 98736)
-- Dependencies: 255
-- Data for Name: production; Type: TABLE DATA; Schema: public; Owner: postgres
--

COPY public.production (prodid, currentvolume, date, expiredate, status, volume, mixerid, ptid, wmid) FROM stdin;
8	500000	2025-07-13 08:41:03.6	2028-07-12 08:41:03.561	pending	500000	4	1	1
9	750000	2025-07-13 08:42:03.59	2028-07-12 05:30:00	confirmed	750000	6	2	1
11	250000	2025-07-13 08:42:23.546	2028-07-12 05:30:00	confirmed	250000	10	4	1
7	617500	2025-07-13 08:41:53.989	2028-07-12 05:30:00	confirmed	625000	2	1	1
10	875000	2025-07-13 08:42:16.358	2028-07-12 05:30:00	confirmed	1250000	13	3	1
\.


--
-- TOC entry 5234 (class 0 OID 98749)
-- Dependencies: 258
-- Data for Name: raw_chemical; Type: TABLE DATA; Schema: public; Owner: postgres
--

COPY public.raw_chemical (volume, inventoryid, chemid) FROM stdin;
2925000	2	2
955000	1	1
20000	4	4
1475000	10	10
2985000	7	7
740000	5	5
1945000	6	6
\.


--
-- TOC entry 5236 (class 0 OID 98755)
-- Dependencies: 260
-- Data for Name: raw_chemical_type; Type: TABLE DATA; Schema: public; Owner: postgres
--

COPY public.raw_chemical_type (chemid, description, name, type) FROM stdin;
1	active antiseptic ingredient	Chloroxylenol	Liquid
2	disinfectant, solvent	Isopropyl Alcohol	Liquid
4	emulsifier/soap	Castor Oil Soap	Solid
5	colorant	Caramel Color	Liquid
6	toilet cleaning acid	Hydrochloric Acid\t	Liquid
7	bleach/disinfectant	Sodium Hypochlorite\t	Liquid
10	Byproduct/stabilizer in Clorox\n	Sodium Chloride\t	Solid
\.


--
-- TOC entry 5237 (class 0 OID 98762)
-- Dependencies: 261
-- Data for Name: raw_material; Type: TABLE DATA; Schema: public; Owner: postgres
--

COPY public.raw_material (inventoryid) FROM stdin;
1
2
3
4
5
6
7
8
9
10
11
12
13
14
15
16
17
18
19
20
21
22
23
24
\.


--
-- TOC entry 5239 (class 0 OID 98768)
-- Dependencies: 263
-- Data for Name: recipe; Type: TABLE DATA; Schema: public; Owner: postgres
--

COPY public.recipe (recipeid, recipe_name, mixerid) FROM stdin;
3	Dettol Mixer – 10× 500ml	4
1	Dettol Mixer  – 10× 250ml	1
2	Dettol Mixer  – 25× 250ml	2
4	Dettol Mixer - 25× 500ml	3
5	Harpic Mixer – 10× 750ml	6
6	Harpic Mixer – 25× 750ml	7
7	Domex Mixer – 10× 1000ml	9
8	Domex Mixer – 25× 1000ml	10
9	Lysol Mixer – 10× 5000ml	12
10	Lysol Mixer – 25× 5000ml	13
\.


--
-- TOC entry 5241 (class 0 OID 98774)
-- Dependencies: 265
-- Data for Name: recipe_item; Type: TABLE DATA; Schema: public; Owner: postgres
--

COPY public.recipe_item (recipeitemid, quantity, unit, chemid, recipeid) FROM stdin;
1	30000	ml	5	1
5	10000	ml	1	2
9	10000	ml	1	3
13	25000	ml	1	4
2	10000	g	4	1
3	40000	ml	1	1
4	10000	ml	2	1
6	25000	ml	2	2
7	75000	ml	5	2
8	25000	g	4	2
10	25000	ml	2	3
11	75000	ml	5	3
12	25000	g	4	3
14	50000	ml	2	4
15	15000	ml	5	4
16	50000	g	4	4
17	10000	g	10	5
18	50000	mk	5	5
19	15000	ml	6	5
20	20000	ml	6	6
21	25000	ml	10	6
22	75000	ml	5	6
23	10000	g	10	7
24	50000	ml	5	7
25	25000	ml	6	7
26	10000	ml	7	7
27	15000	g	10	8
28	15000	ml	7	8
29	10000	ml	5	8
30	40000	ml	6	8
31	10000	ml	1	9
32	10000	ml	2	9
33	50000	ml	5	9
34	25000	ml	2	9
35	25000	ml	2	10
36	25000	ml	1	10
37	50000	ml	5	10
38	30000	ml	4	10
\.


--
-- TOC entry 5242 (class 0 OID 98779)
-- Dependencies: 266
-- Data for Name: recipeitem_rawchemical; Type: TABLE DATA; Schema: public; Owner: postgres
--

COPY public.recipeitem_rawchemical (chemid, recipeitemid) FROM stdin;
1	3
5	7
5	11
2	14
4	2
2	6
2	4
4	8
2	10
5	15
5	1
1	5
1	9
4	12
1	13
4	16
10	17
5	18
6	19
6	20
10	21
5	22
10	23
6	25
5	24
7	26
5	29
7	28
10	27
6	30
2	32
1	31
5	33
2	34
2	35
1	36
5	37
4	38
\.


--
-- TOC entry 5244 (class 0 OID 98785)
-- Dependencies: 268
-- Data for Name: route; Type: TABLE DATA; Schema: public; Owner: postgres
--

COPY public.route (routeid, district) FROM stdin;
1	Ampara
2	Anuradhapura
3	Badulla
4	Batticaloa
5	Colombo
6	Galle
7	Gampaha
8	Hambantota
9	Jaffna
10	Kalutara
11	Kandy
12	Kegalle
13	Kilinochchi
14	Kurunegala
15	Mannar
16	Matale
17	Matara
18	Monaragala
19	Mullaitivu
20	Nuwara Eliya
21	Polonnaruwa
22	Puttalam
23	Ratnapura
24	Trincomalee
25	Vavuniya
\.


--
-- TOC entry 5246 (class 0 OID 98791)
-- Dependencies: 270
-- Data for Name: sales_rep; Type: TABLE DATA; Schema: public; Owner: postgres
--

COPY public.sales_rep (srepid, userid) FROM stdin;
1	3
\.


--
-- TOC entry 5247 (class 0 OID 98796)
-- Dependencies: 271
-- Data for Name: supplier_rawmaterial; Type: TABLE DATA; Schema: public; Owner: postgres
--

COPY public.supplier_rawmaterial (date, inventoryid, supplierid, current_quantity, exp_date, quantity, total_price, unit_price, wmid) FROM stdin;
2025-07-13 03:08:26.442	23	2	10000	2035-07-13	10000	100000	10	1
2025-07-13 03:08:52.617	22	1	10000	2035-07-13	10000	100000	10	1
2025-07-13 03:09:18.396	24	1	10000	2035-07-13	10000	1000000	100	1
2025-07-13 02:26:10.479	2	1	2925000	2025-07-20	3000000	450000	150	1
2025-07-13 02:17:22.897	1	1	955000	2025-07-20	1000000	200000	200	1
2025-07-13 02:49:09.188	4	2	20000	2025-07-27	100000	10000	100	1
2025-07-13 02:53:32.068	10	1	1475000	2025-07-27	1500000	300000	200	1
2025-07-13 02:57:54.385	7	2	2985000	2025-07-27	3000000	750000	250	1
2025-07-13 02:50:02.393	5	1	740000	2025-07-27	1000000	200000	200	1
2025-07-13 02:52:47.974	6	2	1945000	2025-07-30	2000000	500000	250	1
2025-07-13 02:46:12.93	23	2	1000	2035-07-13	1000	100000	100	1
2025-07-13 02:54:08.644	17	1	1000	2035-07-13	1000	250000	250	1
2025-07-13 02:54:21.867	16	1	1500	2035-07-13	1500	300000	200	1
2025-07-13 02:56:02.436	11	1	10000	2035-07-13	10000	100000	10	1
2025-07-13 02:58:21.537	12	1	10000	2035-07-13	10000	100000	10	1
2025-07-13 02:58:37.508	13	2	10000	2035-07-13	10000	100000	10	1
2025-07-13 02:59:01.056	14	2	10000	2035-07-13	10000	100000	10	1
2025-07-13 03:07:22.397	15	2	10000	2035-07-13	10000	100000	10	1
2025-07-13 03:07:59.224	20	2	10000	2035-07-13	10000	100000	10	1
2025-07-13 03:08:11.554	21	2	10000	2035-07-13	10000	100000	10	1
\.


--
-- TOC entry 5249 (class 0 OID 98802)
-- Dependencies: 273
-- Data for Name: suppliers; Type: TABLE DATA; Schema: public; Owner: postgres
--

COPY public.suppliers (supplierid, address, br_id, email, first_name, last_name, phone, status, supplier_type) FROM stdin;
1	Galle	4546	randilachaturnga2@gmail.com	Randila	Chathuranga	0756287100	1	Chemical Supplier
2	Colombo	1254	hasitha@gmail.com	Hasitha	Dilshan	0775934875	1	Box Supplier
\.


--
-- TOC entry 5251 (class 0 OID 98810)
-- Dependencies: 275
-- Data for Name: users; Type: TABLE DATA; Schema: public; Owner: postgres
--

COPY public.users (id, address, email, fname, lname, nic, password, phone, role, status) FROM stdin;
1	admin	admin@gmail.com	admin	admin	200108601743	1234	0756287100	admin	active
2	KAluthara road, Kaluthara	dimuthu@gmail.com	Dimuthu	Harshamal	200108601753	1234	0775934875	warehouse	active
3	Kandy road, Kandy	thamindu@gmail.com	Thamindu	Anuhas	2001696559565	1234	0756287111	salesrep	active
4	Kandy	lochana@gmail.com	Lochana	Lochana	200108601743	1234	0756287111	customer	active
\.


--
-- TOC entry 5253 (class 0 OID 98818)
-- Dependencies: 277
-- Data for Name: vehicles; Type: TABLE DATA; Schema: public; Owner: postgres
--

COPY public.vehicles (id, capacity, vehicle_no, vehicle_type) FROM stdin;
1	150000	NB-2345\t	Lorry
2	80000	CA-9876\t	Van
4	30000	KL-2043\t	Pickup
3	300000	WP-1144\t	Truck
\.


--
-- TOC entry 5255 (class 0 OID 98826)
-- Dependencies: 279
-- Data for Name: warehouse_manager; Type: TABLE DATA; Schema: public; Owner: postgres
--

COPY public.warehouse_manager (wmid, userid) FROM stdin;
1	2
\.


--
-- TOC entry 5261 (class 0 OID 0)
-- Dependencies: 217
-- Name: announcement_announcementid_seq; Type: SEQUENCE SET; Schema: public; Owner: postgres
--

SELECT pg_catalog.setval('public.announcement_announcementid_seq', 3, true);


--
-- TOC entry 5262 (class 0 OID 0)
-- Dependencies: 219
-- Name: batch_batchid_seq; Type: SEQUENCE SET; Schema: public; Owner: postgres
--

SELECT pg_catalog.setval('public.batch_batchid_seq', 43, true);


--
-- TOC entry 5263 (class 0 OID 0)
-- Dependencies: 222
-- Name: batch_type_batchtypeid_seq; Type: SEQUENCE SET; Schema: public; Owner: postgres
--

SELECT pg_catalog.setval('public.batch_type_batchtypeid_seq', 10, true);


--
-- TOC entry 5264 (class 0 OID 0)
-- Dependencies: 224
-- Name: bill_billid_seq; Type: SEQUENCE SET; Schema: public; Owner: postgres
--

SELECT pg_catalog.setval('public.bill_billid_seq', 1, true);


--
-- TOC entry 5265 (class 0 OID 0)
-- Dependencies: 226
-- Name: bill_item_billitemid_seq; Type: SEQUENCE SET; Schema: public; Owner: postgres
--

SELECT pg_catalog.setval('public.bill_item_billitemid_seq', 3, true);


--
-- TOC entry 5266 (class 0 OID 0)
-- Dependencies: 229
-- Name: bottle_type_bottleid_seq; Type: SEQUENCE SET; Schema: public; Owner: postgres
--

SELECT pg_catalog.setval('public.bottle_type_bottleid_seq', 5, true);


--
-- TOC entry 5267 (class 0 OID 0)
-- Dependencies: 232
-- Name: box_type_boxid_seq; Type: SEQUENCE SET; Schema: public; Owner: postgres
--

SELECT pg_catalog.setval('public.box_type_boxid_seq', 4, true);


--
-- TOC entry 5268 (class 0 OID 0)
-- Dependencies: 237
-- Name: customer_bill_cbillid_seq; Type: SEQUENCE SET; Schema: public; Owner: postgres
--

SELECT pg_catalog.setval('public.customer_bill_cbillid_seq', 1, true);


--
-- TOC entry 5269 (class 0 OID 0)
-- Dependencies: 235
-- Name: customer_customerid_seq; Type: SEQUENCE SET; Schema: public; Owner: postgres
--

SELECT pg_catalog.setval('public.customer_customerid_seq', 1, true);


--
-- TOC entry 5270 (class 0 OID 0)
-- Dependencies: 241
-- Name: customer_order_item_orderitemid_seq; Type: SEQUENCE SET; Schema: public; Owner: postgres
--

SELECT pg_catalog.setval('public.customer_order_item_orderitemid_seq', 2, true);


--
-- TOC entry 5271 (class 0 OID 0)
-- Dependencies: 239
-- Name: customer_order_orderid_seq; Type: SEQUENCE SET; Schema: public; Owner: postgres
--

SELECT pg_catalog.setval('public.customer_order_orderid_seq', 1, true);


--
-- TOC entry 5272 (class 0 OID 0)
-- Dependencies: 243
-- Name: damage_report_id_seq; Type: SEQUENCE SET; Schema: public; Owner: postgres
--

SELECT pg_catalog.setval('public.damage_report_id_seq', 1, true);


--
-- TOC entry 5273 (class 0 OID 0)
-- Dependencies: 245
-- Name: inventory_inventoryid_seq; Type: SEQUENCE SET; Schema: public; Owner: postgres
--

SELECT pg_catalog.setval('public.inventory_inventoryid_seq', 34, true);


--
-- TOC entry 5274 (class 0 OID 0)
-- Dependencies: 248
-- Name: label_type_labelid_seq; Type: SEQUENCE SET; Schema: public; Owner: postgres
--

SELECT pg_catalog.setval('public.label_type_labelid_seq', 5, true);


--
-- TOC entry 5275 (class 0 OID 0)
-- Dependencies: 250
-- Name: mixer_mixerid_seq; Type: SEQUENCE SET; Schema: public; Owner: postgres
--

SELECT pg_catalog.setval('public.mixer_mixerid_seq', 13, true);


--
-- TOC entry 5276 (class 0 OID 0)
-- Dependencies: 256
-- Name: product_type_product_type_id_seq; Type: SEQUENCE SET; Schema: public; Owner: postgres
--

SELECT pg_catalog.setval('public.product_type_product_type_id_seq', 5, true);


--
-- TOC entry 5277 (class 0 OID 0)
-- Dependencies: 252
-- Name: product_type_volume_ptvid_seq; Type: SEQUENCE SET; Schema: public; Owner: postgres
--

SELECT pg_catalog.setval('public.product_type_volume_ptvid_seq', 5, true);


--
-- TOC entry 5278 (class 0 OID 0)
-- Dependencies: 254
-- Name: production_prodid_seq; Type: SEQUENCE SET; Schema: public; Owner: postgres
--

SELECT pg_catalog.setval('public.production_prodid_seq', 11, true);


--
-- TOC entry 5279 (class 0 OID 0)
-- Dependencies: 259
-- Name: raw_chemical_type_chemid_seq; Type: SEQUENCE SET; Schema: public; Owner: postgres
--

SELECT pg_catalog.setval('public.raw_chemical_type_chemid_seq', 10, true);


--
-- TOC entry 5280 (class 0 OID 0)
-- Dependencies: 264
-- Name: recipe_item_recipeitemid_seq; Type: SEQUENCE SET; Schema: public; Owner: postgres
--

SELECT pg_catalog.setval('public.recipe_item_recipeitemid_seq', 38, true);


--
-- TOC entry 5281 (class 0 OID 0)
-- Dependencies: 262
-- Name: recipe_recipeid_seq; Type: SEQUENCE SET; Schema: public; Owner: postgres
--

SELECT pg_catalog.setval('public.recipe_recipeid_seq', 10, true);


--
-- TOC entry 5282 (class 0 OID 0)
-- Dependencies: 267
-- Name: route_routeid_seq; Type: SEQUENCE SET; Schema: public; Owner: postgres
--

SELECT pg_catalog.setval('public.route_routeid_seq', 25, true);


--
-- TOC entry 5283 (class 0 OID 0)
-- Dependencies: 269
-- Name: sales_rep_srepid_seq; Type: SEQUENCE SET; Schema: public; Owner: postgres
--

SELECT pg_catalog.setval('public.sales_rep_srepid_seq', 1, true);


--
-- TOC entry 5284 (class 0 OID 0)
-- Dependencies: 272
-- Name: suppliers_supplierid_seq; Type: SEQUENCE SET; Schema: public; Owner: postgres
--

SELECT pg_catalog.setval('public.suppliers_supplierid_seq', 2, true);


--
-- TOC entry 5285 (class 0 OID 0)
-- Dependencies: 274
-- Name: users_id_seq; Type: SEQUENCE SET; Schema: public; Owner: postgres
--

SELECT pg_catalog.setval('public.users_id_seq', 4, true);


--
-- TOC entry 5286 (class 0 OID 0)
-- Dependencies: 276
-- Name: vehicles_id_seq; Type: SEQUENCE SET; Schema: public; Owner: postgres
--

SELECT pg_catalog.setval('public.vehicles_id_seq', 4, true);


--
-- TOC entry 5287 (class 0 OID 0)
-- Dependencies: 278
-- Name: warehouse_manager_wmid_seq; Type: SEQUENCE SET; Schema: public; Owner: postgres
--

SELECT pg_catalog.setval('public.warehouse_manager_wmid_seq', 1, true);


--
-- TOC entry 4909 (class 2606 OID 98609)
-- Name: announcement announcement_pkey; Type: CONSTRAINT; Schema: public; Owner: postgres
--

ALTER TABLE ONLY public.announcement
    ADD CONSTRAINT announcement_pkey PRIMARY KEY (announcementid);


--
-- TOC entry 4913 (class 2606 OID 98620)
-- Name: batch_inventory batch_inventory_pkey; Type: CONSTRAINT; Schema: public; Owner: postgres
--

ALTER TABLE ONLY public.batch_inventory
    ADD CONSTRAINT batch_inventory_pkey PRIMARY KEY (inventoryid);


--
-- TOC entry 4911 (class 2606 OID 98615)
-- Name: batch batch_pkey; Type: CONSTRAINT; Schema: public; Owner: postgres
--

ALTER TABLE ONLY public.batch
    ADD CONSTRAINT batch_pkey PRIMARY KEY (batchid);


--
-- TOC entry 4917 (class 2606 OID 98626)
-- Name: batch_type batch_type_pkey; Type: CONSTRAINT; Schema: public; Owner: postgres
--

ALTER TABLE ONLY public.batch_type
    ADD CONSTRAINT batch_type_pkey PRIMARY KEY (batchtypeid);


--
-- TOC entry 4921 (class 2606 OID 98638)
-- Name: bill_item bill_item_pkey; Type: CONSTRAINT; Schema: public; Owner: postgres
--

ALTER TABLE ONLY public.bill_item
    ADD CONSTRAINT bill_item_pkey PRIMARY KEY (billitemid);


--
-- TOC entry 4919 (class 2606 OID 98632)
-- Name: bill bill_pkey; Type: CONSTRAINT; Schema: public; Owner: postgres
--

ALTER TABLE ONLY public.bill
    ADD CONSTRAINT bill_pkey PRIMARY KEY (billid);


--
-- TOC entry 4923 (class 2606 OID 98643)
-- Name: bottle bottle_pkey; Type: CONSTRAINT; Schema: public; Owner: postgres
--

ALTER TABLE ONLY public.bottle
    ADD CONSTRAINT bottle_pkey PRIMARY KEY (inventoryid);


--
-- TOC entry 4927 (class 2606 OID 98651)
-- Name: bottle_type bottle_type_pkey; Type: CONSTRAINT; Schema: public; Owner: postgres
--

ALTER TABLE ONLY public.bottle_type
    ADD CONSTRAINT bottle_type_pkey PRIMARY KEY (bottleid);


--
-- TOC entry 4929 (class 2606 OID 98656)
-- Name: box box_pkey; Type: CONSTRAINT; Schema: public; Owner: postgres
--

ALTER TABLE ONLY public.box
    ADD CONSTRAINT box_pkey PRIMARY KEY (inventoryid);


--
-- TOC entry 4933 (class 2606 OID 98662)
-- Name: box_type box_type_pkey; Type: CONSTRAINT; Schema: public; Owner: postgres
--

ALTER TABLE ONLY public.box_type
    ADD CONSTRAINT box_type_pkey PRIMARY KEY (boxid);


--
-- TOC entry 4935 (class 2606 OID 98667)
-- Name: chemical_usage chemical_usage_pkey; Type: CONSTRAINT; Schema: public; Owner: postgres
--

ALTER TABLE ONLY public.chemical_usage
    ADD CONSTRAINT chemical_usage_pkey PRIMARY KEY (inventoryid, prodid);


--
-- TOC entry 4941 (class 2606 OID 98681)
-- Name: customer_bill customer_bill_pkey; Type: CONSTRAINT; Schema: public; Owner: postgres
--

ALTER TABLE ONLY public.customer_bill
    ADD CONSTRAINT customer_bill_pkey PRIMARY KEY (cbillid);


--
-- TOC entry 4947 (class 2606 OID 98693)
-- Name: customer_order_item customer_order_item_pkey; Type: CONSTRAINT; Schema: public; Owner: postgres
--

ALTER TABLE ONLY public.customer_order_item
    ADD CONSTRAINT customer_order_item_pkey PRIMARY KEY (orderitemid);


--
-- TOC entry 4945 (class 2606 OID 98687)
-- Name: customer_order customer_order_pkey; Type: CONSTRAINT; Schema: public; Owner: postgres
--

ALTER TABLE ONLY public.customer_order
    ADD CONSTRAINT customer_order_pkey PRIMARY KEY (orderid);


--
-- TOC entry 4937 (class 2606 OID 98673)
-- Name: customer customer_pkey; Type: CONSTRAINT; Schema: public; Owner: postgres
--

ALTER TABLE ONLY public.customer
    ADD CONSTRAINT customer_pkey PRIMARY KEY (customerid);


--
-- TOC entry 4949 (class 2606 OID 98701)
-- Name: damage_report damage_report_pkey; Type: CONSTRAINT; Schema: public; Owner: postgres
--

ALTER TABLE ONLY public.damage_report
    ADD CONSTRAINT damage_report_pkey PRIMARY KEY (id);


--
-- TOC entry 4951 (class 2606 OID 98707)
-- Name: inventory inventory_pkey; Type: CONSTRAINT; Schema: public; Owner: postgres
--

ALTER TABLE ONLY public.inventory
    ADD CONSTRAINT inventory_pkey PRIMARY KEY (inventoryid);


--
-- TOC entry 4953 (class 2606 OID 98712)
-- Name: label label_pkey; Type: CONSTRAINT; Schema: public; Owner: postgres
--

ALTER TABLE ONLY public.label
    ADD CONSTRAINT label_pkey PRIMARY KEY (inventoryid);


--
-- TOC entry 4957 (class 2606 OID 98720)
-- Name: label_type label_type_pkey; Type: CONSTRAINT; Schema: public; Owner: postgres
--

ALTER TABLE ONLY public.label_type
    ADD CONSTRAINT label_type_pkey PRIMARY KEY (labelid);


--
-- TOC entry 4959 (class 2606 OID 98726)
-- Name: mixer mixer_pkey; Type: CONSTRAINT; Schema: public; Owner: postgres
--

ALTER TABLE ONLY public.mixer
    ADD CONSTRAINT mixer_pkey PRIMARY KEY (mixerid);


--
-- TOC entry 4965 (class 2606 OID 98748)
-- Name: product_type product_type_pkey; Type: CONSTRAINT; Schema: public; Owner: postgres
--

ALTER TABLE ONLY public.product_type
    ADD CONSTRAINT product_type_pkey PRIMARY KEY (product_type_id);


--
-- TOC entry 4961 (class 2606 OID 98734)
-- Name: product_type_volume product_type_volume_pkey; Type: CONSTRAINT; Schema: public; Owner: postgres
--

ALTER TABLE ONLY public.product_type_volume
    ADD CONSTRAINT product_type_volume_pkey PRIMARY KEY (ptvid);


--
-- TOC entry 4963 (class 2606 OID 98740)
-- Name: production production_pkey; Type: CONSTRAINT; Schema: public; Owner: postgres
--

ALTER TABLE ONLY public.production
    ADD CONSTRAINT production_pkey PRIMARY KEY (prodid);


--
-- TOC entry 4967 (class 2606 OID 98753)
-- Name: raw_chemical raw_chemical_pkey; Type: CONSTRAINT; Schema: public; Owner: postgres
--

ALTER TABLE ONLY public.raw_chemical
    ADD CONSTRAINT raw_chemical_pkey PRIMARY KEY (inventoryid);


--
-- TOC entry 4971 (class 2606 OID 98761)
-- Name: raw_chemical_type raw_chemical_type_pkey; Type: CONSTRAINT; Schema: public; Owner: postgres
--

ALTER TABLE ONLY public.raw_chemical_type
    ADD CONSTRAINT raw_chemical_type_pkey PRIMARY KEY (chemid);


--
-- TOC entry 4973 (class 2606 OID 98766)
-- Name: raw_material raw_material_pkey; Type: CONSTRAINT; Schema: public; Owner: postgres
--

ALTER TABLE ONLY public.raw_material
    ADD CONSTRAINT raw_material_pkey PRIMARY KEY (inventoryid);


--
-- TOC entry 4979 (class 2606 OID 98778)
-- Name: recipe_item recipe_item_pkey; Type: CONSTRAINT; Schema: public; Owner: postgres
--

ALTER TABLE ONLY public.recipe_item
    ADD CONSTRAINT recipe_item_pkey PRIMARY KEY (recipeitemid);


--
-- TOC entry 4975 (class 2606 OID 98772)
-- Name: recipe recipe_pkey; Type: CONSTRAINT; Schema: public; Owner: postgres
--

ALTER TABLE ONLY public.recipe
    ADD CONSTRAINT recipe_pkey PRIMARY KEY (recipeid);


--
-- TOC entry 4981 (class 2606 OID 98783)
-- Name: recipeitem_rawchemical recipeitem_rawchemical_pkey; Type: CONSTRAINT; Schema: public; Owner: postgres
--

ALTER TABLE ONLY public.recipeitem_rawchemical
    ADD CONSTRAINT recipeitem_rawchemical_pkey PRIMARY KEY (chemid, recipeitemid);


--
-- TOC entry 4983 (class 2606 OID 98789)
-- Name: route route_pkey; Type: CONSTRAINT; Schema: public; Owner: postgres
--

ALTER TABLE ONLY public.route
    ADD CONSTRAINT route_pkey PRIMARY KEY (routeid);


--
-- TOC entry 4985 (class 2606 OID 98795)
-- Name: sales_rep sales_rep_pkey; Type: CONSTRAINT; Schema: public; Owner: postgres
--

ALTER TABLE ONLY public.sales_rep
    ADD CONSTRAINT sales_rep_pkey PRIMARY KEY (srepid);


--
-- TOC entry 4989 (class 2606 OID 98800)
-- Name: supplier_rawmaterial supplier_rawmaterial_pkey; Type: CONSTRAINT; Schema: public; Owner: postgres
--

ALTER TABLE ONLY public.supplier_rawmaterial
    ADD CONSTRAINT supplier_rawmaterial_pkey PRIMARY KEY (date, inventoryid, supplierid);


--
-- TOC entry 4991 (class 2606 OID 98808)
-- Name: suppliers suppliers_pkey; Type: CONSTRAINT; Schema: public; Owner: postgres
--

ALTER TABLE ONLY public.suppliers
    ADD CONSTRAINT suppliers_pkey PRIMARY KEY (supplierid);


--
-- TOC entry 4925 (class 2606 OID 98834)
-- Name: bottle uk226nh1t3gi5898fhp07ygooop; Type: CONSTRAINT; Schema: public; Owner: postgres
--

ALTER TABLE ONLY public.bottle
    ADD CONSTRAINT uk226nh1t3gi5898fhp07ygooop UNIQUE (bottleid);


--
-- TOC entry 4995 (class 2606 OID 98850)
-- Name: vehicles uk4ps5wofpo6yfoljy6mgt2y3xh; Type: CONSTRAINT; Schema: public; Owner: postgres
--

ALTER TABLE ONLY public.vehicles
    ADD CONSTRAINT uk4ps5wofpo6yfoljy6mgt2y3xh UNIQUE (vehicle_no);


--
-- TOC entry 4939 (class 2606 OID 98838)
-- Name: customer uk7fs7b2coc7qru1qcvy91erql4; Type: CONSTRAINT; Schema: public; Owner: postgres
--

ALTER TABLE ONLY public.customer
    ADD CONSTRAINT uk7fs7b2coc7qru1qcvy91erql4 UNIQUE (userid);


--
-- TOC entry 4931 (class 2606 OID 98836)
-- Name: box ukb1i0daktxn9o5vhegqopqiple; Type: CONSTRAINT; Schema: public; Owner: postgres
--

ALTER TABLE ONLY public.box
    ADD CONSTRAINT ukb1i0daktxn9o5vhegqopqiple UNIQUE (boxid);


--
-- TOC entry 4969 (class 2606 OID 98844)
-- Name: raw_chemical ukb4dl0ahollgh4pkfqldgm5ffl; Type: CONSTRAINT; Schema: public; Owner: postgres
--

ALTER TABLE ONLY public.raw_chemical
    ADD CONSTRAINT ukb4dl0ahollgh4pkfqldgm5ffl UNIQUE (chemid);


--
-- TOC entry 4915 (class 2606 OID 98832)
-- Name: batch_inventory ukdcr1qge12ldniwgm942uetcj9; Type: CONSTRAINT; Schema: public; Owner: postgres
--

ALTER TABLE ONLY public.batch_inventory
    ADD CONSTRAINT ukdcr1qge12ldniwgm942uetcj9 UNIQUE (batchtypeid);


--
-- TOC entry 4999 (class 2606 OID 98852)
-- Name: warehouse_manager ukdqnww9u2f60xlythf3g9wvhov; Type: CONSTRAINT; Schema: public; Owner: postgres
--

ALTER TABLE ONLY public.warehouse_manager
    ADD CONSTRAINT ukdqnww9u2f60xlythf3g9wvhov UNIQUE (userid);


--
-- TOC entry 4955 (class 2606 OID 98842)
-- Name: label ukg9nk3gt1cravf4qy3elgxpt23; Type: CONSTRAINT; Schema: public; Owner: postgres
--

ALTER TABLE ONLY public.label
    ADD CONSTRAINT ukg9nk3gt1cravf4qy3elgxpt23 UNIQUE (labelid);


--
-- TOC entry 4977 (class 2606 OID 98846)
-- Name: recipe ukl9kup39qf9m0iy6pj7q7dp558; Type: CONSTRAINT; Schema: public; Owner: postgres
--

ALTER TABLE ONLY public.recipe
    ADD CONSTRAINT ukl9kup39qf9m0iy6pj7q7dp558 UNIQUE (mixerid);


--
-- TOC entry 4943 (class 2606 OID 98840)
-- Name: customer_bill ukoq3kbfyd1qio5na9y76805cqq; Type: CONSTRAINT; Schema: public; Owner: postgres
--

ALTER TABLE ONLY public.customer_bill
    ADD CONSTRAINT ukoq3kbfyd1qio5na9y76805cqq UNIQUE (billid);


--
-- TOC entry 4987 (class 2606 OID 98848)
-- Name: sales_rep ukt046ll2i89l3al01t1eq53jhs; Type: CONSTRAINT; Schema: public; Owner: postgres
--

ALTER TABLE ONLY public.sales_rep
    ADD CONSTRAINT ukt046ll2i89l3al01t1eq53jhs UNIQUE (userid);


--
-- TOC entry 4993 (class 2606 OID 98816)
-- Name: users users_pkey; Type: CONSTRAINT; Schema: public; Owner: postgres
--

ALTER TABLE ONLY public.users
    ADD CONSTRAINT users_pkey PRIMARY KEY (id);


--
-- TOC entry 4997 (class 2606 OID 98824)
-- Name: vehicles vehicles_pkey; Type: CONSTRAINT; Schema: public; Owner: postgres
--

ALTER TABLE ONLY public.vehicles
    ADD CONSTRAINT vehicles_pkey PRIMARY KEY (id);


--
-- TOC entry 5001 (class 2606 OID 98830)
-- Name: warehouse_manager warehouse_manager_pkey; Type: CONSTRAINT; Schema: public; Owner: postgres
--

ALTER TABLE ONLY public.warehouse_manager
    ADD CONSTRAINT warehouse_manager_pkey PRIMARY KEY (wmid);


--
-- TOC entry 5013 (class 2606 OID 98908)
-- Name: bottle fk1be30xobb64n76cq8ngxissf; Type: FK CONSTRAINT; Schema: public; Owner: postgres
--

ALTER TABLE ONLY public.bottle
    ADD CONSTRAINT fk1be30xobb64n76cq8ngxissf FOREIGN KEY (bottleid) REFERENCES public.bottle_type(bottleid);


--
-- TOC entry 5037 (class 2606 OID 99028)
-- Name: raw_material fk1dm3pnme0hriu6spa7a5rkbxr; Type: FK CONSTRAINT; Schema: public; Owner: postgres
--

ALTER TABLE ONLY public.raw_material
    ADD CONSTRAINT fk1dm3pnme0hriu6spa7a5rkbxr FOREIGN KEY (inventoryid) REFERENCES public.inventory(inventoryid);


--
-- TOC entry 5039 (class 2606 OID 99043)
-- Name: recipe_item fk27f7a1fuvbs98rur4glan3u4m; Type: FK CONSTRAINT; Schema: public; Owner: postgres
--

ALTER TABLE ONLY public.recipe_item
    ADD CONSTRAINT fk27f7a1fuvbs98rur4glan3u4m FOREIGN KEY (recipeid) REFERENCES public.recipe(recipeid);


--
-- TOC entry 5029 (class 2606 OID 98988)
-- Name: product_type_volume fk39iulq68mfn2dhl2tyium1am2; Type: FK CONSTRAINT; Schema: public; Owner: postgres
--

ALTER TABLE ONLY public.product_type_volume
    ADD CONSTRAINT fk39iulq68mfn2dhl2tyium1am2 FOREIGN KEY (bottleid) REFERENCES public.bottle_type(bottleid);


--
-- TOC entry 5017 (class 2606 OID 98933)
-- Name: chemical_usage fk3y3uej8qtuhnllmwgoslpn53f; Type: FK CONSTRAINT; Schema: public; Owner: postgres
--

ALTER TABLE ONLY public.chemical_usage
    ADD CONSTRAINT fk3y3uej8qtuhnllmwgoslpn53f FOREIGN KEY (prodid) REFERENCES public.production(prodid);


--
-- TOC entry 5038 (class 2606 OID 99033)
-- Name: recipe fk47afcghr6nj0t8jeqk2x2a6be; Type: FK CONSTRAINT; Schema: public; Owner: postgres
--

ALTER TABLE ONLY public.recipe
    ADD CONSTRAINT fk47afcghr6nj0t8jeqk2x2a6be FOREIGN KEY (mixerid) REFERENCES public.mixer(mixerid);


--
-- TOC entry 5014 (class 2606 OID 98913)
-- Name: bottle fk4ximsks8ky6jggk0ula0mvn6l; Type: FK CONSTRAINT; Schema: public; Owner: postgres
--

ALTER TABLE ONLY public.bottle
    ADD CONSTRAINT fk4ximsks8ky6jggk0ula0mvn6l FOREIGN KEY (inventoryid) REFERENCES public.raw_material(inventoryid);


--
-- TOC entry 5002 (class 2606 OID 98853)
-- Name: batch fk5a0e0dt6s5w5gkuephpf0hnke; Type: FK CONSTRAINT; Schema: public; Owner: postgres
--

ALTER TABLE ONLY public.batch
    ADD CONSTRAINT fk5a0e0dt6s5w5gkuephpf0hnke FOREIGN KEY (batchtypeid) REFERENCES public.batch_type(batchtypeid);


--
-- TOC entry 5003 (class 2606 OID 98858)
-- Name: batch fk5herlwnboeoal3208d1145lmn; Type: FK CONSTRAINT; Schema: public; Owner: postgres
--

ALTER TABLE ONLY public.batch
    ADD CONSTRAINT fk5herlwnboeoal3208d1145lmn FOREIGN KEY (inventoryid) REFERENCES public.box(inventoryid);


--
-- TOC entry 5032 (class 2606 OID 99008)
-- Name: production fk5qjcb79ruue3qtrlxar9yp8c7; Type: FK CONSTRAINT; Schema: public; Owner: postgres
--

ALTER TABLE ONLY public.production
    ADD CONSTRAINT fk5qjcb79ruue3qtrlxar9yp8c7 FOREIGN KEY (ptid) REFERENCES public.product_type(product_type_id);


--
-- TOC entry 5004 (class 2606 OID 98863)
-- Name: batch fk5u4puxvquxbj78khekva2u57p; Type: FK CONSTRAINT; Schema: public; Owner: postgres
--

ALTER TABLE ONLY public.batch
    ADD CONSTRAINT fk5u4puxvquxbj78khekva2u57p FOREIGN KEY (prodid) REFERENCES public.production(prodid);


--
-- TOC entry 5041 (class 2606 OID 99053)
-- Name: recipeitem_rawchemical fk62ggjuo0cpumimpg0go98xi4i; Type: FK CONSTRAINT; Schema: public; Owner: postgres
--

ALTER TABLE ONLY public.recipeitem_rawchemical
    ADD CONSTRAINT fk62ggjuo0cpumimpg0go98xi4i FOREIGN KEY (recipeitemid) REFERENCES public.recipe_item(recipeitemid);


--
-- TOC entry 5033 (class 2606 OID 99013)
-- Name: production fk6ueifajt8oy1php5qadue9osy; Type: FK CONSTRAINT; Schema: public; Owner: postgres
--

ALTER TABLE ONLY public.production
    ADD CONSTRAINT fk6ueifajt8oy1php5qadue9osy FOREIGN KEY (wmid) REFERENCES public.warehouse_manager(wmid);


--
-- TOC entry 5015 (class 2606 OID 98918)
-- Name: box fk7oli3jcu57qk1j1l8bwxlm154; Type: FK CONSTRAINT; Schema: public; Owner: postgres
--

ALTER TABLE ONLY public.box
    ADD CONSTRAINT fk7oli3jcu57qk1j1l8bwxlm154 FOREIGN KEY (boxid) REFERENCES public.box_type(boxid);


--
-- TOC entry 5030 (class 2606 OID 98998)
-- Name: product_type_volume fk7r5afppkj6rf81y6vkut2w1d2; Type: FK CONSTRAINT; Schema: public; Owner: postgres
--

ALTER TABLE ONLY public.product_type_volume
    ADD CONSTRAINT fk7r5afppkj6rf81y6vkut2w1d2 FOREIGN KEY (ptid) REFERENCES public.product_type(product_type_id);


--
-- TOC entry 5040 (class 2606 OID 99038)
-- Name: recipe_item fk824ru13t2fyt0lllcnc76jybe; Type: FK CONSTRAINT; Schema: public; Owner: postgres
--

ALTER TABLE ONLY public.recipe_item
    ADD CONSTRAINT fk824ru13t2fyt0lllcnc76jybe FOREIGN KEY (chemid) REFERENCES public.raw_chemical_type(chemid);


--
-- TOC entry 5026 (class 2606 OID 98978)
-- Name: label fk834u2qb90owbuy5oix779x33g; Type: FK CONSTRAINT; Schema: public; Owner: postgres
--

ALTER TABLE ONLY public.label
    ADD CONSTRAINT fk834u2qb90owbuy5oix779x33g FOREIGN KEY (inventoryid) REFERENCES public.raw_material(inventoryid);


--
-- TOC entry 5018 (class 2606 OID 98928)
-- Name: chemical_usage fk8s2dvoongwoc75cq7xf16a2qo; Type: FK CONSTRAINT; Schema: public; Owner: postgres
--

ALTER TABLE ONLY public.chemical_usage
    ADD CONSTRAINT fk8s2dvoongwoc75cq7xf16a2qo FOREIGN KEY (inventoryid) REFERENCES public.raw_chemical(inventoryid);


--
-- TOC entry 5008 (class 2606 OID 98883)
-- Name: batch_type fk8xqf59sffsy9hjvy0pblnsene; Type: FK CONSTRAINT; Schema: public; Owner: postgres
--

ALTER TABLE ONLY public.batch_type
    ADD CONSTRAINT fk8xqf59sffsy9hjvy0pblnsene FOREIGN KEY (boxid) REFERENCES public.box_type(boxid);


--
-- TOC entry 5031 (class 2606 OID 98993)
-- Name: product_type_volume fk9dh9wi22g8ygbromuro0kkyot; Type: FK CONSTRAINT; Schema: public; Owner: postgres
--

ALTER TABLE ONLY public.product_type_volume
    ADD CONSTRAINT fk9dh9wi22g8ygbromuro0kkyot FOREIGN KEY (labelid) REFERENCES public.label_type(labelid);


--
-- TOC entry 5010 (class 2606 OID 98893)
-- Name: bill fk_bill_salesrep; Type: FK CONSTRAINT; Schema: public; Owner: postgres
--

ALTER TABLE ONLY public.bill
    ADD CONSTRAINT fk_bill_salesrep FOREIGN KEY (srepid) REFERENCES public.sales_rep(srepid);


--
-- TOC entry 5011 (class 2606 OID 98898)
-- Name: bill_item fk_billitem_customerbill; Type: FK CONSTRAINT; Schema: public; Owner: postgres
--

ALTER TABLE ONLY public.bill_item
    ADD CONSTRAINT fk_billitem_customerbill FOREIGN KEY (cbillid) REFERENCES public.customer_bill(cbillid);


--
-- TOC entry 5012 (class 2606 OID 98903)
-- Name: bill_item fk_billitem_ptvid; Type: FK CONSTRAINT; Schema: public; Owner: postgres
--

ALTER TABLE ONLY public.bill_item
    ADD CONSTRAINT fk_billitem_ptvid FOREIGN KEY (ptvid) REFERENCES public.product_type_volume(ptvid) ON UPDATE SET NULL ON DELETE SET NULL;


--
-- TOC entry 5019 (class 2606 OID 98938)
-- Name: customer fk_customer_route; Type: FK CONSTRAINT; Schema: public; Owner: postgres
--

ALTER TABLE ONLY public.customer
    ADD CONSTRAINT fk_customer_route FOREIGN KEY (routeid) REFERENCES public.route(routeid) ON UPDATE SET NULL ON DELETE SET NULL;


--
-- TOC entry 5020 (class 2606 OID 98943)
-- Name: customer fk_customer_salesrep; Type: FK CONSTRAINT; Schema: public; Owner: postgres
--

ALTER TABLE ONLY public.customer
    ADD CONSTRAINT fk_customer_salesrep FOREIGN KEY (srepid) REFERENCES public.sales_rep(srepid) ON UPDATE SET NULL ON DELETE SET NULL;


--
-- TOC entry 5021 (class 2606 OID 98948)
-- Name: customer fk_customer_user; Type: FK CONSTRAINT; Schema: public; Owner: postgres
--

ALTER TABLE ONLY public.customer
    ADD CONSTRAINT fk_customer_user FOREIGN KEY (userid) REFERENCES public.users(id) ON UPDATE CASCADE ON DELETE CASCADE;


--
-- TOC entry 5022 (class 2606 OID 98953)
-- Name: customer_bill fk_customerbill_bill; Type: FK CONSTRAINT; Schema: public; Owner: postgres
--

ALTER TABLE ONLY public.customer_bill
    ADD CONSTRAINT fk_customerbill_bill FOREIGN KEY (billid) REFERENCES public.bill(billid);


--
-- TOC entry 5024 (class 2606 OID 98963)
-- Name: customer_order_item fk_orderitem_order; Type: FK CONSTRAINT; Schema: public; Owner: postgres
--

ALTER TABLE ONLY public.customer_order_item
    ADD CONSTRAINT fk_orderitem_order FOREIGN KEY (orderid) REFERENCES public.customer_order(orderid) ON UPDATE SET NULL ON DELETE SET NULL;


--
-- TOC entry 5025 (class 2606 OID 98968)
-- Name: customer_order_item fk_orderitem_ptvid; Type: FK CONSTRAINT; Schema: public; Owner: postgres
--

ALTER TABLE ONLY public.customer_order_item
    ADD CONSTRAINT fk_orderitem_ptvid FOREIGN KEY (ptvid) REFERENCES public.product_type_volume(ptvid) ON UPDATE SET NULL ON DELETE SET NULL;


--
-- TOC entry 5043 (class 2606 OID 99058)
-- Name: sales_rep fk_salesrep_user; Type: FK CONSTRAINT; Schema: public; Owner: postgres
--

ALTER TABLE ONLY public.sales_rep
    ADD CONSTRAINT fk_salesrep_user FOREIGN KEY (userid) REFERENCES public.users(id) ON UPDATE CASCADE ON DELETE CASCADE;


--
-- TOC entry 5023 (class 2606 OID 98958)
-- Name: customer_order fk_user_order; Type: FK CONSTRAINT; Schema: public; Owner: postgres
--

ALTER TABLE ONLY public.customer_order
    ADD CONSTRAINT fk_user_order FOREIGN KEY (customerid) REFERENCES public.users(id) ON UPDATE SET NULL ON DELETE SET NULL;


--
-- TOC entry 5047 (class 2606 OID 99078)
-- Name: warehouse_manager fk_wm_user; Type: FK CONSTRAINT; Schema: public; Owner: postgres
--

ALTER TABLE ONLY public.warehouse_manager
    ADD CONSTRAINT fk_wm_user FOREIGN KEY (userid) REFERENCES public.users(id) ON UPDATE CASCADE ON DELETE CASCADE;


--
-- TOC entry 5009 (class 2606 OID 98888)
-- Name: batch_type fkbep1dgqur4p9sj63eegoatk43; Type: FK CONSTRAINT; Schema: public; Owner: postgres
--

ALTER TABLE ONLY public.batch_type
    ADD CONSTRAINT fkbep1dgqur4p9sj63eegoatk43 FOREIGN KEY (ptvid) REFERENCES public.product_type_volume(ptvid);


--
-- TOC entry 5027 (class 2606 OID 98973)
-- Name: label fkd351t3j2flivrsi7p0s2a0rgk; Type: FK CONSTRAINT; Schema: public; Owner: postgres
--

ALTER TABLE ONLY public.label
    ADD CONSTRAINT fkd351t3j2flivrsi7p0s2a0rgk FOREIGN KEY (labelid) REFERENCES public.label_type(labelid);


--
-- TOC entry 5006 (class 2606 OID 98873)
-- Name: batch_inventory fkf3dthmf2lkp73ciwpen6p1t3m; Type: FK CONSTRAINT; Schema: public; Owner: postgres
--

ALTER TABLE ONLY public.batch_inventory
    ADD CONSTRAINT fkf3dthmf2lkp73ciwpen6p1t3m FOREIGN KEY (batchtypeid) REFERENCES public.batch_type(batchtypeid);


--
-- TOC entry 5035 (class 2606 OID 99018)
-- Name: raw_chemical fkidcxnnfhmwajp2lqagcck2vdm; Type: FK CONSTRAINT; Schema: public; Owner: postgres
--

ALTER TABLE ONLY public.raw_chemical
    ADD CONSTRAINT fkidcxnnfhmwajp2lqagcck2vdm FOREIGN KEY (chemid) REFERENCES public.raw_chemical_type(chemid);


--
-- TOC entry 5005 (class 2606 OID 98868)
-- Name: batch fkjdbny5x766kj0emvjdya9egf7; Type: FK CONSTRAINT; Schema: public; Owner: postgres
--

ALTER TABLE ONLY public.batch
    ADD CONSTRAINT fkjdbny5x766kj0emvjdya9egf7 FOREIGN KEY (wmid) REFERENCES public.warehouse_manager(wmid);


--
-- TOC entry 5007 (class 2606 OID 98878)
-- Name: batch_inventory fkk0xjik138l3gijqynw5r9lvvj; Type: FK CONSTRAINT; Schema: public; Owner: postgres
--

ALTER TABLE ONLY public.batch_inventory
    ADD CONSTRAINT fkk0xjik138l3gijqynw5r9lvvj FOREIGN KEY (inventoryid) REFERENCES public.inventory(inventoryid);


--
-- TOC entry 5044 (class 2606 OID 99068)
-- Name: supplier_rawmaterial fkktau4y1yk4shx0dbip4wtq7xw; Type: FK CONSTRAINT; Schema: public; Owner: postgres
--

ALTER TABLE ONLY public.supplier_rawmaterial
    ADD CONSTRAINT fkktau4y1yk4shx0dbip4wtq7xw FOREIGN KEY (supplierid) REFERENCES public.suppliers(supplierid);


--
-- TOC entry 5042 (class 2606 OID 99048)
-- Name: recipeitem_rawchemical fklr6b519f0cnyancvi5v1w6d8l; Type: FK CONSTRAINT; Schema: public; Owner: postgres
--

ALTER TABLE ONLY public.recipeitem_rawchemical
    ADD CONSTRAINT fklr6b519f0cnyancvi5v1w6d8l FOREIGN KEY (chemid) REFERENCES public.raw_chemical_type(chemid);


--
-- TOC entry 5034 (class 2606 OID 99003)
-- Name: production fkmq6hnjyuou9j7eg1r7pkxd9em; Type: FK CONSTRAINT; Schema: public; Owner: postgres
--

ALTER TABLE ONLY public.production
    ADD CONSTRAINT fkmq6hnjyuou9j7eg1r7pkxd9em FOREIGN KEY (mixerid) REFERENCES public.mixer(mixerid);


--
-- TOC entry 5045 (class 2606 OID 99063)
-- Name: supplier_rawmaterial fknmkb93dn6a7127ga7r7tluypr; Type: FK CONSTRAINT; Schema: public; Owner: postgres
--

ALTER TABLE ONLY public.supplier_rawmaterial
    ADD CONSTRAINT fknmkb93dn6a7127ga7r7tluypr FOREIGN KEY (inventoryid) REFERENCES public.raw_material(inventoryid);


--
-- TOC entry 5036 (class 2606 OID 99023)
-- Name: raw_chemical fknwpd8kqd9vuh0ybdd53qq5s4c; Type: FK CONSTRAINT; Schema: public; Owner: postgres
--

ALTER TABLE ONLY public.raw_chemical
    ADD CONSTRAINT fknwpd8kqd9vuh0ybdd53qq5s4c FOREIGN KEY (inventoryid) REFERENCES public.raw_material(inventoryid);


--
-- TOC entry 5016 (class 2606 OID 98923)
-- Name: box fkohcgskmwn6xqvykf50ycbgh9q; Type: FK CONSTRAINT; Schema: public; Owner: postgres
--

ALTER TABLE ONLY public.box
    ADD CONSTRAINT fkohcgskmwn6xqvykf50ycbgh9q FOREIGN KEY (inventoryid) REFERENCES public.raw_material(inventoryid);


--
-- TOC entry 5046 (class 2606 OID 99073)
-- Name: supplier_rawmaterial fkot6i0vxr6chdvy9gnwetu89us; Type: FK CONSTRAINT; Schema: public; Owner: postgres
--

ALTER TABLE ONLY public.supplier_rawmaterial
    ADD CONSTRAINT fkot6i0vxr6chdvy9gnwetu89us FOREIGN KEY (wmid) REFERENCES public.warehouse_manager(wmid);


--
-- TOC entry 5028 (class 2606 OID 98983)
-- Name: mixer fkrd5bf6m6pjdr90bmtuq2a9ewq; Type: FK CONSTRAINT; Schema: public; Owner: postgres
--

ALTER TABLE ONLY public.mixer
    ADD CONSTRAINT fkrd5bf6m6pjdr90bmtuq2a9ewq FOREIGN KEY (product_type_id) REFERENCES public.product_type(product_type_id);


-- Completed on 2025-07-13 09:31:54

--
-- PostgreSQL database dump complete
--

